Weather,Temperature,Humidity
Partly cloudy,28,78
Partly cloudy,28,78
Partly cloudy,28,78
Partly cloudy,28,78
Passing clouds,28,78
Passing clouds,28,78
Passing clouds,28,78
Passing clouds,28,78
Passing clouds,28,78
Passing clouds,28,78
Passing clouds,28,78
Passing clouds,28,78
Passing clouds,28,78
Passing clouds,28,78
Passing clouds,28,78
Passing clouds,28,78
Passing clouds,28,78
Passing clouds,28,78
Passing clouds,28,78
Passing clouds,28,78
Passing clouds,28,78
Passing clouds,28,78
Passing clouds,28,78
Passing clouds,28,78
Passing clouds,28,78
Passing clouds,28,78
Passing clouds,28,78
Passing clouds,28,78
Passing clouds,28,78
Passing clouds,28,78
Passing clouds,28,78
Passing clouds,28,78
Passing clouds,28,78
Passing clouds,28,78
Passing clouds,28,78
Passing clouds,28,78
Passing clouds,28,78
Passing clouds,28,78
Passing clouds,28,78
Passing clouds,28,78
Passing clouds,28,78
Passing clouds,28,78
Passing clouds,28,78
Passing clouds,28,78
Passing clouds,28,78
Passing clouds,28,78
Partly cloudy,28,73
Partly cloudy,28,73
Partly cloudy,28,73
Partly cloudy,28,73
Partly cloudy,28,73
Partly cloudy,28,73
Partly cloudy,28,73
Partly cloudy,28,73
Partly cloudy,28,73
Partly cloudy,28,73
Partly cloudy,28,73
Partly cloudy,28,73
Partly cloudy,28,73
Partly cloudy,28,73
Partly cloudy,28,73
Partly cloudy,28,73
Partly cloudy,28,73
Partly cloudy,28,73
Partly cloudy,28,73
Partly cloudy,28,73
Partly cloudy,28,73
Partly cloudy,28,73
Partly cloudy,28,73
Partly cloudy,28,73
Partly cloudy,28,73
Partly cloudy,28,73
Partly cloudy,28,73
Partly cloudy,28,73
Partly cloudy,28,73
Partly cloudy,28,73
Partly cloudy,28,73
Partly cloudy,28,73
Partly cloudy,28,73
Partly cloudy,28,73
Partly cloudy,28,73
Partly cloudy,28,73
Partly cloudy,28,73
Partly cloudy,28,73
Partly cloudy,28,73
Partly cloudy,28,73
Partly cloudy,28,73
Partly cloudy,28,73
Partly cloudy,28,73
Partly cloudy,28,73
Partly cloudy,28,73
Partly cloudy,28,73
Partly cloudy,28,73
Partly cloudy,28,73
Partly cloudy,28,73
Partly cloudy,28,73
Partly cloudy,28,73
Partly cloudy,28,73
Partly cloudy,28,73
Partly cloudy,28,73
Partly cloudy,28,73
Partly cloudy,28,73
Partly cloudy,28,73
Partly cloudy,28,73
Partly cloudy,28,73
Partly cloudy,28,73
Partly cloudy,28,73
Partly cloudy,28,73
Partly cloudy,28,73
Partly cloudy,28,73
Thunderstorms,28,79
Thunderstorms,28,79
Thunderstorms,28,79
Thunderstorms,28,79
Thunderstorms,28,79
Thunderstorms,28,79
Thunderstorms,28,79
Thunderstorms,28,79
Thunderstorms,28,79
Thunderstorms,28,79
Thunderstorms,28,79
Thunderstorms,28,79
Thunderstorms,28,79
Thunderstorms,28,79
Thunderstorms,28,79
Thunderstorms,28,79
Thunderstorms,28,79
Thunderstorms,28,79
Thunderstorms,28,79
Thunderstorms,28,79
Thunderstorms,28,79
Thunderstorms,28,79
Thunderstorms,28,79
Thunderstorms,28,79
Thunderstorms,28,79
Thunderstorms,28,79
Thunderstorms,28,79
Thunderstorms,28,79
Thunderstorms,28,79
Thunderstorms,28,79
Thunderstorms,28,79
Thunderstorms,28,79
Thunderstorms,28,79
Thunderstorms,28,79
Thunderstorms,28,79
Thunderstorms,28,79
Thunderstorms,28,79
Thunderstorms,28,79
Thunderstorms,28,79
Thunderstorms,28,79
Thunderstorms,28,79
Passing clouds,28,79
Passing clouds,28,79
Passing clouds,28,79
Passing clouds,28,79
Passing clouds,28,79
Passing clouds,28,79
Passing clouds,28,79
Passing clouds,28,79
Passing clouds,28,79
Passing clouds,28,79
Passing clouds,28,79
Passing clouds,28,79
Passing clouds,28,79
Passing clouds,28,79
Passing clouds,28,79
Passing clouds,28,79
Passing clouds,28,79
Passing clouds,28,79
Passing clouds,28,79
Passing clouds,28,79
Passing clouds,28,79
Passing clouds,28,79
Passing clouds,28,79
Passing clouds,28,79
Passing clouds,28,79
Passing clouds,28,79
Passing clouds,28,79
Passing clouds,28,79
Partly cloudy,29,76
Partly cloudy,29,76
Partly cloudy,29,76
Partly cloudy,29,76
Partly cloudy,29,76
Partly cloudy,29,76
Partly cloudy,29,76
Partly cloudy,29,76
Partly cloudy,29,76
Partly cloudy,29,76
Partly cloudy,29,76
Partly cloudy,29,76
Partly cloudy,29,76
Partly cloudy,29,76
Partly cloudy,29,76
Partly cloudy,29,76
Partly cloudy,29,76
Partly cloudy,29,76
Partly cloudy,29,76
Partly cloudy,29,76
Partly cloudy,29,76
Partly cloudy,29,76
Partly cloudy,29,76
Partly cloudy,29,76
Partly cloudy,29,76
Partly cloudy,29,76
Partly cloudy,29,76
Partly cloudy,29,76
Partly cloudy,29,76
Partly cloudy,29,76
Partly cloudy,29,76
Partly cloudy,29,76
Partly cloudy,29,76
Partly cloudy,29,76
Partly cloudy,29,76
Partly cloudy,29,76
Partly cloudy,29,76
Partly cloudy,29,76
Partly cloudy,29,76
Partly cloudy,29,76
Partly cloudy,29,76
Partly cloudy,29,76
Partly cloudy,29,76
Partly cloudy,29,76
Partly cloudy,29,76
Partly cloudy,29,76
Partly cloudy,29,76
Partly cloudy,29,76
Partly cloudy,29,76
Partly cloudy,29,76
Partly cloudy,29,76
Partly cloudy,29,76
Partly cloudy,29,76
Partly cloudy,29,76
Partly cloudy,29,76
Partly cloudy,29,76
Partly cloudy,29,76
Partly cloudy,29,76
Partly cloudy,29,76
Partly cloudy,29,76
Partly cloudy,29,76
Partly cloudy,29,76
Partly cloudy,29,76
Partly cloudy,29,76
Partly cloudy,29,76
Partly cloudy,29,76
Partly cloudy,29,76
Partly cloudy,29,76
Partly cloudy,29,76
Partly cloudy,29,76
Partly cloudy,29,76
Partly cloudy,29,76
Partly cloudy,29,76
Partly cloudy,29,79
Partly cloudy,29,79
Partly cloudy,29,79
Partly cloudy,29,79
Passing clouds,29,79
Passing clouds,29,79
Passing clouds,29,79
Passing clouds,29,79
Passing clouds,29,79
Passing clouds,29,79
Passing clouds,29,79
Passing clouds,29,79
Passing clouds,29,79
Passing clouds,29,79
Passing clouds,29,79
Passing clouds,29,79
Passing clouds,29,79
Passing clouds,29,79
Passing clouds,29,79
Passing clouds,29,79
Passing clouds,29,79
Passing clouds,29,79
Passing clouds,29,79
Passing clouds,29,79
Passing clouds,29,79
Passing clouds,29,79
Passing clouds,29,79
Passing clouds,29,79
Passing clouds,29,79
Passing clouds,29,79
Passing clouds,29,79
Passing clouds,29,79
Passing clouds,29,79
Passing clouds,29,79
Passing clouds,29,79
Passing clouds,29,79
Passing clouds,29,79
Passing clouds,29,79
Partly cloudy,29,79
Partly cloudy,29,79
Partly cloudy,29,79
Partly cloudy,29,79
Partly cloudy,29,79
Partly cloudy,29,79
Partly cloudy,29,79
Partly cloudy,29,79
Partly cloudy,29,79
Partly cloudy,29,79
Partly cloudy,29,79
Partly cloudy,29,79
Partly cloudy,29,79
Partly cloudy,29,79
Partly cloudy,29,79
Partly cloudy,29,79
Partly cloudy,29,79
Partly cloudy,29,79
Partly cloudy,29,79
Partly cloudy,29,79
Partly cloudy,29,79
Partly cloudy,29,79
Partly cloudy,29,79
Partly cloudy,29,79
Partly cloudy,29,79
Partly cloudy,29,79
Partly cloudy,29,79
Partly cloudy,29,79
Partly cloudy,29,79
Partly cloudy,29,79
Partly cloudy,29,79
Partly cloudy,29,79
Partly cloudy,29,79
Partly cloudy,29,79
Partly cloudy,29,79
Partly cloudy,29,79
Partly cloudy,29,79
Partly cloudy,29,79
Partly cloudy,29,79
Partly cloudy,29,79
Partly cloudy,29,79
Partly cloudy,29,79
Partly cloudy,29,79
Partly cloudy,29,79
Partly cloudy,29,79
Passing clouds,29,79
Passing clouds,29,79
Passing clouds,29,79
Passing clouds,29,79
Passing clouds,29,79
Passing clouds,29,79
Passing clouds,29,79
Passing clouds,29,79
Passing clouds,29,79
Passing clouds,29,79
Passing clouds,29,79
Passing clouds,29,79
Passing clouds,29,79
Passing clouds,29,79
Passing clouds,29,79
Passing clouds,29,79
Passing clouds,29,79
Passing clouds,29,79
Passing clouds,29,79
Passing clouds,29,79
Passing clouds,29,79
Passing clouds,29,79
Passing clouds,29,79
Passing clouds,29,79
Passing clouds,29,79
Passing clouds,29,79
Passing clouds,29,79
Passing clouds,29,79
Passing clouds,29,79
Passing clouds,29,79
Passing clouds,29,79
Passing clouds,29,79
Passing clouds,29,79
Passing clouds,29,79
Passing clouds,29,79
Passing clouds,29,79
Passing clouds,29,79
Passing clouds,29,79
Passing clouds,29,79
Passing clouds,29,79
Passing clouds,29,79
Passing clouds,28,81
Passing clouds,28,81
Passing clouds,28,81
Passing clouds,28,81
Passing clouds,28,81
Passing clouds,28,81
Passing clouds,28,81
Passing clouds,28,81
Passing clouds,28,81
Passing clouds,28,81
Passing clouds,28,81
Passing clouds,28,81
Passing clouds,28,81
Passing clouds,28,81
Passing clouds,28,81
Passing clouds,28,81
Passing clouds,28,81
Passing clouds,28,81
Passing clouds,28,81
Passing clouds,28,81
Passing clouds,28,81
Passing clouds,28,81
Passing clouds,28,81
Passing clouds,28,81
Passing clouds,28,81
Passing clouds,28,81
Passing clouds,28,81
Passing clouds,28,81
Passing clouds,28,81
Passing clouds,28,81
Passing clouds,28,81
Passing clouds,28,81
Dense fog,28,80
Dense fog,28,80
Dense fog,28,80
Dense fog,28,80
Dense fog,28,80
Dense fog,28,80
Dense fog,28,80
Dense fog,28,80
Dense fog,28,80
Dense fog,28,80
Dense fog,28,80
Dense fog,28,80
Dense fog,28,80
Dense fog,28,80
Dense fog,28,80
Dense fog,28,80
Dense fog,28,80
Dense fog,28,80
Dense fog,28,80
Dense fog,28,80
Dense fog,28,80
Dense fog,28,80
Dense fog,28,80
Dense fog,28,80
Dense fog,28,80
Dense fog,28,80
Dense fog,28,80
Dense fog,28,80
Dense fog,28,80
Dense fog,28,80
Dense fog,28,80
Dense fog,28,80
Dense fog,28,80
Dense fog,28,80
Dense fog,28,80
Dense fog,28,80
Dense fog,28,80
Dense fog,28,80
Dense fog,28,80
Dense fog,28,80
Dense fog,28,80
Dense fog,28,80
Dense fog,28,80
Dense fog,28,80
Partly cloudy,28,83
Partly cloudy,28,83
Partly cloudy,28,83
Partly cloudy,28,83
Partly cloudy,28,83
Partly cloudy,28,83
Partly cloudy,28,83
Partly cloudy,28,83
Partly cloudy,28,83
Partly cloudy,28,83
Partly cloudy,28,83
Partly cloudy,28,83
Partly cloudy,28,83
Partly cloudy,28,83
Partly cloudy,28,83
Partly cloudy,28,83
Partly cloudy,28,83
Partly cloudy,28,83
Partly cloudy,28,83
Partly cloudy,28,83
Partly cloudy,28,83
Partly cloudy,28,83
Partly cloudy,28,83
Partly cloudy,28,83
Partly cloudy,28,83
Partly cloudy,28,83
Partly cloudy,28,83
Partly cloudy,28,83
Partly cloudy,28,83
Partly cloudy,28,83
Partly cloudy,28,83
Partly cloudy,28,83
Partly cloudy,28,83
Partly cloudy,28,83
Partly cloudy,28,83
Dense fog,28,83
Dense fog,28,83
Dense fog,28,83
Dense fog,28,83
Dense fog,28,83
Dense fog,28,83
Dense fog,28,83
Dense fog,28,83
Dense fog,28,83
Dense fog,28,83
Dense fog,28,83
Dense fog,28,83
Dense fog,28,83
Dense fog,28,83
Dense fog,28,83
Dense fog,28,83
Dense fog,28,83
Dense fog,28,83
Dense fog,28,83
Dense fog,28,83
Dense fog,28,83
Dense fog,28,83
Dense fog,28,83
Dense fog,28,83
Dense fog,28,83
Dense fog,28,83
Dense fog,28,83
Dense fog,28,83
Dense fog,28,83
Dense fog,28,83
Dense fog,28,83
Dense fog,28,83
Dense fog,28,83
Dense fog,28,83
Dense fog,28,83
Dense fog,28,83
Dense fog,28,83
Dense fog,28,83
Dense fog,28,83
Dense fog,28,83
Dense fog,28,83
Dense fog,28,83
Dense fog,28,83
Dense fog,28,83
Dense fog,28,83
Dense fog,28,83
Dense fog,28,83
Dense fog,28,83
Dense fog,28,83
Dense fog,28,83
Dense fog,28,83
Dense fog,28,83
Dense fog,28,83
Dense fog,28,83
Dense fog,28,83
Dense fog,28,83
Dense fog,28,83
Dense fog,28,83
Dense fog,28,83
Dense fog,28,83
Dense fog,28,83
Dense fog,28,83
Dense fog,28,83
Dense fog,28,83
Dense fog,28,83
Dense fog,28,83
Dense fog,28,83
Dense fog,28,83
Dense fog,28,83
Dense fog,28,83
Dense fog,28,83
Dense fog,28,83
Dense fog,28,83
Dense fog,28,83
Dense fog,28,83
Dense fog,28,83
Dense fog,28,83
Dense fog,28,83
Dense fog,28,83
Dense fog,28,83
Dense fog,28,83
Dense fog,28,83
Dense fog,28,83
Dense fog,28,83
Dense fog,28,83
Dense fog,28,83
Dense fog,28,83
Dense fog,28,83
Dense fog,28,83
Dense fog,28,83
Dense fog,28,83
Dense fog,28,83
Dense fog,28,83
Dense fog,28,83
Dense fog,28,83
Dense fog,28,83
Dense fog,28,83
Dense fog,28,83
Dense fog,28,83
Dense fog,28,83
Dense fog,28,83
Dense fog,28,83
Dense fog,28,83
Dense fog,28,83
Dense fog,28,83
Dense fog,28,83
Dense fog,28,83
Dense fog,28,83
Dense fog,28,83
Dense fog,28,83
Dense fog,28,83
Dense fog,28,83
Partly cloudy,28,83
Partly cloudy,28,83
Partly cloudy,28,83
Partly cloudy,28,83
Partly cloudy,28,83
Partly cloudy,28,83
Partly cloudy,28,83
Partly cloudy,28,83
Partly cloudy,28,83
Partly cloudy,28,83
Partly cloudy,28,83
Partly cloudy,28,83
Partly cloudy,28,83
Partly cloudy,28,83
Partly cloudy,28,83
Partly cloudy,28,83
Partly cloudy,28,83
Partly cloudy,28,83
Partly cloudy,28,83
Partly cloudy,28,83
Partly cloudy,28,83
Partly cloudy,28,83
Partly cloudy,28,83
Partly cloudy,28,83
Partly cloudy,28,83
Partly cloudy,28,83
Partly cloudy,28,83
Partly cloudy,28,83
Partly cloudy,28,83
Partly cloudy,28,83
Partly cloudy,28,83
Partly cloudy,28,83
Partly cloudy,28,83
Partly cloudy,28,83
Dense fog,28,83
Dense fog,28,83
Dense fog,28,83
Dense fog,28,83
Dense fog,28,83
Dense fog,28,83
Dense fog,28,83
Dense fog,28,83
Dense fog,28,83
Dense fog,28,83
Dense fog,28,83
Dense fog,28,83
Dense fog,28,83
Dense fog,28,83
Dense fog,28,83
Dense fog,28,83
Dense fog,28,83
Dense fog,28,83
Dense fog,28,83
Dense fog,28,83
Dense fog,28,83
Dense fog,28,83
Dense fog,28,83
Dense fog,28,83
Dense fog,28,83
Dense fog,28,83
Dense fog,28,83
Dense fog,28,83
Dense fog,28,83
Dense fog,28,83
Dense fog,28,83
Dense fog,28,83
Dense fog,28,83
Dense fog,28,83
Dense fog,28,83
Dense fog,28,83
Dense fog,28,83
Dense fog,28,83
Dense fog,28,83
Dense fog,28,83
Dense fog,28,83
Dense fog,28,83
Dense fog,28,83
Dense fog,28,83
Dense fog,28,83
Dense fog,28,83
Dense fog,28,83
Dense fog,28,83
Dense fog,28,83
Dense fog,28,83
Dense fog,28,83
Dense fog,28,83
Dense fog,28,83
Dense fog,28,83
Dense fog,28,83
Dense fog,28,83
Dense fog,28,83
Dense fog,28,83
Dense fog,28,83
Dense fog,28,83
Dense fog,28,83
Thunderstorms,28,83
Thunderstorms,28,83
Thunderstorms,28,83
Thunderstorms,28,83
Thunderstorms,28,83
Partly cloudy,28,83
Partly cloudy,28,83
Partly cloudy,28,83
Partly cloudy,28,83
Partly cloudy,28,83
Partly cloudy,28,83
Partly cloudy,28,83
Partly cloudy,28,83
Partly cloudy,28,83
Partly cloudy,28,83
Partly cloudy,27,87
Partly cloudy,27,87
Partly cloudy,27,87
Partly cloudy,27,87
Partly cloudy,27,87
Partly cloudy,27,87
Partly cloudy,27,87
Partly cloudy,27,87
Partly cloudy,27,87
Partly cloudy,27,87
Partly cloudy,27,87
Partly cloudy,27,87
Partly cloudy,27,87
Partly cloudy,27,87
Partly cloudy,27,87
Partly cloudy,27,87
Partly cloudy,27,87
Partly cloudy,27,87
Partly cloudy,27,87
Partly cloudy,27,87
Partly cloudy,27,87
Partly cloudy,27,87
Partly cloudy,27,87
Partly cloudy,27,87
Partly cloudy,27,87
Partly cloudy,27,87
Partly cloudy,27,87
Partly cloudy,27,87
Partly cloudy,27,87
Partly cloudy,27,87
Partly cloudy,27,87
Partly cloudy,27,87
Partly cloudy,27,87
Partly cloudy,27,87
Partly cloudy,27,87
Partly cloudy,27,87
Partly cloudy,27,87
Partly cloudy,27,87
Partly cloudy,27,87
Light rain,27,87
Light rain,27,87
Light rain,27,87
Light rain,27,87
Light rain,27,87
Light rain,27,87
Light rain,27,87
Light rain,27,87
Light rain,27,87
Light rain,27,87
Light rain,27,87
Light rain,27,87
Light rain,27,87
Light rain,27,87
Light rain,27,87
Light rain,27,87
Light rain,27,87
Light rain,27,87
Light rain,27,87
Light rain,27,87
Light rain,27,87
Light rain,27,87
Light rain,27,87
Light rain,27,87
Light rain,27,87
Light rain,27,87
Light rain,27,87
Light rain,27,87
Light rain,27,87
Light rain,27,87
Light rain,27,87
Light rain,27,87
Light rain,27,87
Light rain,27,87
Light rain,27,87
Light rain,27,87
Light rain,27,87
Light rain,27,87
Light rain,27,87
Light rain,27,87
Passing clouds,27,87
Passing clouds,27,87
Passing clouds,27,87
Passing clouds,27,87
Passing clouds,27,87
Passing clouds,27,87
Passing clouds,27,87
Passing clouds,27,87
Passing clouds,27,87
Passing clouds,27,87
Passing clouds,27,87
Passing clouds,27,87
Passing clouds,27,87
Passing clouds,27,87
Passing clouds,27,87
Passing clouds,27,87
Passing clouds,27,87
Passing clouds,27,87
Passing clouds,27,87
Passing clouds,27,87
Passing clouds,27,87
Passing clouds,27,87
Passing clouds,27,87
Passing clouds,27,87
Passing clouds,27,87
Passing clouds,27,87
Passing clouds,27,87
Passing clouds,27,87
Passing clouds,27,87
Partly cloudy,27,87
Partly cloudy,27,87
Partly cloudy,27,87
Partly cloudy,27,87
Partly cloudy,27,87
Partly cloudy,27,87
Partly cloudy,27,87
Partly cloudy,27,87
Partly cloudy,27,87
Partly cloudy,27,87
Partly cloudy,27,87
Partly cloudy,27,87
Partly cloudy,27,87
Partly cloudy,27,87
Partly cloudy,27,87
Partly cloudy,27,87
Partly cloudy,27,87
Partly cloudy,27,87
Partly cloudy,27,87
Partly cloudy,27,87
Partly cloudy,27,87
Partly cloudy,27,87
Partly cloudy,27,87
Partly cloudy,27,87
Partly cloudy,27,87
Partly cloudy,27,87
Partly cloudy,27,87
Partly cloudy,27,87
Partly cloudy,27,87
Partly cloudy,27,87
Partly cloudy,27,87
Partly cloudy,27,87
Partly cloudy,27,87
Partly cloudy,27,87
Partly cloudy,27,87
Partly cloudy,27,87
Partly cloudy,27,87
Partly cloudy,27,87
Partly cloudy,27,87
Partly cloudy,27,87
Partly cloudy,27,87
Partly cloudy,27,87
Partly cloudy,27,87
Partly cloudy,27,87
Partly cloudy,27,87
Partly cloudy,27,87
Partly cloudy,27,87
Partly cloudy,27,87
Partly cloudy,27,87
Partly cloudy,27,87
Partly cloudy,27,87
Partly cloudy,27,87
Partly cloudy,27,87
Partly cloudy,27,87
Partly cloudy,27,87
Partly cloudy,27,87
Partly cloudy,27,87
Partly cloudy,27,87
Partly cloudy,27,87
Partly cloudy,27,87
Partly cloudy,27,87
Partly cloudy,27,87
Partly cloudy,27,87
Partly cloudy,27,87
Partly cloudy,27,87
Partly cloudy,27,87
Partly cloudy,27,87
Partly cloudy,27,87
Partly cloudy,27,87
Partly cloudy,27,87
Partly cloudy,27,87
Partly cloudy,27,87
Partly cloudy,27,87
Partly cloudy,27,87
Partly cloudy,27,87
Partly cloudy,27,87
Partly cloudy,27,87
Partly cloudy,27,87
Partly cloudy,27,87
Partly cloudy,27,87
Partly cloudy,27,87
Partly cloudy,27,87
Partly cloudy,27,87
Partly cloudy,27,87
Partly cloudy,27,87
Partly cloudy,27,87
Partly cloudy,27,87
Partly cloudy,27,87
Partly cloudy,27,87
Partly cloudy,27,87
Partly cloudy,27,87
Partly cloudy,27,87
Partly cloudy,27,87
Partly cloudy,27,87
Partly cloudy,27,87
Partly cloudy,27,87
Partly cloudy,27,87
Partly cloudy,27,87
Partly cloudy,27,87
Partly cloudy,27,87
Partly cloudy,27,87
Partly cloudy,27,87
Partly cloudy,27,87
Partly cloudy,27,87
Partly cloudy,27,87
Partly cloudy,27,87
Partly cloudy,27,87
Partly cloudy,27,87
Partly cloudy,27,87
Partly cloudy,27,87
Partly cloudy,27,87
Partly cloudy,27,87
Partly cloudy,27,87
Partly cloudy,27,87
Partly cloudy,27,87
Partly cloudy,27,87
Partly cloudy,27,87
Partly cloudy,27,87
Partly cloudy,27,87
Partly cloudy,27,87
Partly cloudy,27,87
Partly cloudy,27,87
Partly cloudy,27,87
Partly cloudy,27,87
Partly cloudy,27,87
Partly cloudy,27,87
Partly cloudy,27,87
Partly cloudy,27,87
Partly cloudy,27,87
Partly cloudy,27,87
Partly cloudy,27,87
Partly cloudy,27,87
Partly cloudy,27,87
Partly cloudy,27,87
Partly cloudy,27,87
Partly cloudy,27,87
Partly cloudy,27,87
Partly cloudy,27,87
Partly cloudy,27,87
Partly cloudy,27,87
Partly cloudy,27,87
Partly cloudy,27,87
Partly cloudy,27,87
Partly cloudy,27,87
Partly cloudy,27,87
Partly cloudy,27,87
Partly cloudy,27,87
Partly cloudy,27,87
Partly cloudy,27,87
Partly cloudy,27,87
Partly cloudy,27,87
Partly cloudy,27,87
Partly cloudy,27,87
Partly cloudy,27,87
Partly cloudy,27,87
Partly cloudy,27,87
Partly cloudy,27,87
Partly cloudy,27,87
Partly cloudy,27,87
Partly cloudy,27,87
Partly cloudy,27,87
Partly cloudy,27,87
Partly cloudy,27,87
Partly cloudy,27,87
Partly cloudy,27,87
Partly cloudy,27,87
Partly cloudy,27,87
Partly cloudy,27,87
Partly cloudy,27,87
Partly cloudy,27,87
Partly cloudy,27,87
Partly cloudy,27,87
Partly cloudy,27,87
Partly cloudy,27,87
Partly cloudy,27,87
Partly cloudy,27,87
Partly cloudy,27,87
Partly cloudy,27,87
Partly cloudy,27,87
Partly cloudy,27,87
Partly cloudy,27,87
Partly cloudy,27,87
Partly cloudy,27,87
Partly cloudy,27,87
Partly cloudy,27,87
Partly cloudy,27,87
Partly cloudy,27,87
Partly cloudy,27,87
Partly cloudy,27,87
Partly cloudy,27,87
Partly cloudy,27,87
Partly cloudy,27,87
Partly cloudy,27,87
Partly cloudy,27,87
Partly cloudy,27,87
Partly cloudy,27,87
Partly cloudy,27,87
Partly cloudy,27,87
Partly cloudy,27,87
Partly cloudy,27,87
Partly cloudy,27,87
Partly cloudy,27,87
Partly cloudy,27,87
Partly cloudy,27,87
Partly cloudy,27,87
Partly cloudy,27,87
Partly cloudy,27,87
Partly cloudy,27,87
Partly cloudy,27,87
Partly cloudy,27,87
Partly cloudy,27,87
Partly cloudy,27,87
Partly cloudy,27,87
Partly cloudy,27,87
Partly cloudy,27,87
Partly cloudy,27,87
Partly cloudy,27,87
Partly cloudy,27,87
Partly cloudy,27,87
Partly cloudy,27,87
Partly cloudy,27,87
Partly cloudy,27,87
Partly cloudy,27,87
Partly cloudy,27,87
Partly cloudy,27,87
Partly cloudy,27,87
Partly cloudy,27,87
Partly cloudy,27,87
Partly cloudy,27,87
Partly cloudy,27,87
Partly cloudy,27,87
Partly cloudy,27,87
Partly cloudy,27,87
Partly cloudy,27,87
Partly cloudy,27,87
Partly cloudy,27,87
Partly cloudy,27,87
Partly cloudy,27,87
Partly cloudy,27,87
Partly cloudy,27,87
Partly cloudy,27,87
Partly cloudy,27,87
Partly cloudy,27,87
Partly cloudy,27,87
Partly cloudy,27,87
Partly cloudy,27,87
Partly cloudy,27,87
Partly cloudy,27,87
Partly cloudy,27,87
Partly cloudy,27,87
Partly cloudy,27,87
Partly cloudy,27,87
Partly cloudy,27,87
Partly cloudy,27,87
Partly cloudy,27,87
Partly cloudy,27,87
Partly cloudy,27,87
Partly cloudy,27,87
Partly cloudy,27,87
Partly cloudy,27,87
Partly cloudy,27,87
Partly cloudy,27,87
Partly cloudy,27,87
Partly cloudy,27,87
Partly cloudy,27,87
Partly cloudy,27,87
Partly cloudy,27,87
Partly cloudy,27,87
Partly cloudy,27,87
Partly cloudy,27,87
Partly cloudy,27,87
Partly cloudy,27,87
Partly cloudy,27,87
Partly cloudy,27,87
Partly cloudy,27,87
Partly cloudy,27,87
Partly cloudy,27,87
Partly cloudy,27,87
Partly cloudy,27,87
Partly cloudy,27,87
Partly cloudy,27,87
Partly cloudy,27,87
Partly cloudy,27,87
Partly cloudy,27,87
Partly cloudy,27,87
Partly cloudy,27,87
Partly cloudy,27,87
Partly cloudy,27,87
Partly cloudy,27,87
Partly cloudy,27,87
Partly cloudy,27,87
Partly cloudy,27,87
Partly cloudy,27,87
Partly cloudy,27,87
Partly cloudy,27,87
Partly cloudy,27,87
Partly cloudy,27,87
Partly cloudy,27,87
Partly cloudy,27,87
Partly cloudy,27,87
Partly cloudy,27,87
Partly cloudy,27,87
Partly cloudy,27,87
Partly cloudy,27,87
Partly cloudy,27,87
Partly cloudy,27,87
Partly cloudy,27,87
Partly cloudy,27,87
Partly cloudy,27,87
Partly cloudy,27,87
Partly cloudy,27,87
Partly cloudy,27,87
Partly cloudy,27,87
Partly cloudy,27,87
Partly cloudy,27,87
Partly cloudy,27,87
Partly cloudy,27,87
Partly cloudy,27,87
Partly cloudy,27,87
Partly cloudy,27,87
Partly cloudy,27,87
Partly cloudy,27,87
Partly cloudy,27,87
Partly cloudy,27,87
Partly cloudy,27,87
Partly cloudy,27,87
Partly cloudy,27,87
Partly cloudy,27,87
Partly cloudy,27,87
Partly cloudy,27,87
Partly cloudy,27,87
Partly cloudy,27,87
Partly cloudy,27,87
Partly cloudy,27,87
Partly cloudy,27,87
Partly cloudy,27,87
Partly cloudy,27,87
Partly cloudy,27,87
Partly cloudy,27,87
Partly cloudy,27,87
Partly cloudy,27,87
Partly cloudy,27,87
Partly cloudy,27,87
Partly cloudy,27,87
Partly cloudy,27,87
Partly cloudy,27,87
Partly cloudy,27,87
Partly cloudy,27,87
Partly cloudy,27,87
Partly cloudy,27,87
Partly cloudy,27,87
Partly cloudy,27,87
Partly cloudy,27,87
Partly cloudy,27,87
Partly cloudy,27,87
Partly cloudy,27,87
Partly cloudy,27,87
Partly cloudy,27,87
Partly cloudy,27,87
Partly cloudy,27,87
Partly cloudy,27,87
Partly cloudy,27,87
Partly cloudy,27,87
Partly cloudy,27,87
Partly cloudy,27,87
Partly cloudy,27,87
Partly cloudy,27,87
Partly cloudy,27,87
Partly cloudy,27,87
Partly cloudy,27,87
Partly cloudy,27,87
Partly cloudy,27,87
Partly cloudy,27,87
Partly cloudy,27,87
Partly cloudy,27,87
Partly cloudy,27,87
Partly cloudy,27,87
Partly cloudy,27,87
Partly cloudy,27,87
Partly cloudy,27,87
Partly cloudy,27,87
Partly cloudy,27,87
Partly cloudy,27,87
Partly cloudy,27,87
Partly cloudy,27,87
Partly cloudy,27,87
Partly cloudy,27,87
Partly cloudy,27,87
Partly cloudy,27,87
Partly cloudy,27,87
Partly cloudy,27,87
Partly cloudy,27,87
Partly cloudy,27,87
Partly cloudy,27,87
Partly cloudy,27,82
Partly cloudy,27,82
Partly cloudy,27,82
Partly cloudy,27,82
Partly cloudy,27,82
Partly cloudy,27,82
Partly cloudy,27,82
Partly cloudy,27,82
Partly cloudy,27,82
Partly cloudy,27,82
Partly cloudy,27,82
Partly cloudy,27,82
Partly cloudy,27,82
Partly cloudy,27,82
Partly cloudy,27,82
Partly cloudy,27,82
Partly cloudy,27,82
Partly cloudy,27,82
Partly cloudy,27,82
Partly cloudy,27,82
Partly cloudy,27,82
Partly cloudy,27,82
Partly cloudy,27,82
Partly cloudy,27,82
Partly cloudy,27,82
Partly cloudy,27,82
Partly cloudy,27,82
Partly cloudy,27,82
Partly cloudy,27,82
Partly cloudy,27,82
Partly cloudy,27,82
Partly cloudy,27,82
Partly cloudy,27,82
Partly cloudy,27,82
Partly cloudy,27,82
Partly cloudy,27,82
Partly cloudy,27,82
Partly cloudy,27,82
Partly cloudy,27,82
Partly cloudy,27,82
Partly cloudy,27,82
Partly cloudy,27,82
Partly cloudy,27,82
Partly cloudy,27,82
Partly cloudy,27,82
Partly cloudy,27,82
Partly cloudy,27,82
Partly cloudy,27,82
Partly cloudy,27,82
Partly cloudy,27,82
Partly cloudy,27,82
Partly cloudy,27,82
Partly cloudy,27,82
Partly cloudy,27,82
Partly cloudy,27,82
Partly cloudy,27,82
Partly cloudy,27,82
Partly cloudy,27,82
Partly cloudy,27,82
Partly cloudy,27,82
Partly cloudy,27,82
Partly cloudy,27,82
Partly cloudy,27,82
Partly cloudy,27,82
Partly cloudy,27,82
Partly cloudy,27,82
Partly cloudy,27,82
Partly cloudy,27,82
Partly cloudy,27,82
Partly cloudy,27,82
Partly cloudy,27,82
Partly cloudy,27,82
Partly cloudy,27,82
Partly cloudy,27,82
Partly cloudy,27,82
Partly cloudy,27,82
Partly cloudy,27,82
Partly cloudy,27,82
Partly cloudy,27,82
Partly cloudy,27,82
Mostly cloudy,27,82
Mostly cloudy,27,82
Mostly cloudy,27,82
Mostly cloudy,27,82
Mostly cloudy,27,82
Mostly cloudy,27,82
Mostly cloudy,27,82
Mostly cloudy,27,82
Mostly cloudy,27,82
Mostly cloudy,27,82
Mostly cloudy,27,82
Mostly cloudy,27,82
Mostly cloudy,27,82
Mostly cloudy,27,82
Mostly cloudy,27,82
Mostly cloudy,27,82
Mostly cloudy,27,82
Mostly cloudy,27,82
Mostly cloudy,27,82
Mostly cloudy,27,82
Mostly cloudy,27,82
Mostly cloudy,27,82
Mostly cloudy,27,82
Mostly cloudy,27,82
Mostly cloudy,27,82
Mostly cloudy,27,82
Mostly cloudy,27,82
Mostly cloudy,27,82
Mostly cloudy,27,82
Mostly cloudy,27,82
Mostly cloudy,27,82
Mostly cloudy,27,82
Mostly cloudy,27,82
Mostly cloudy,27,82
Mostly cloudy,27,82
Mostly cloudy,27,82
Mostly cloudy,27,82
Mostly cloudy,27,82
Mostly cloudy,27,82
Partly cloudy,27,82
Partly cloudy,27,82
Partly cloudy,27,82
Partly cloudy,27,82
Partly cloudy,27,82
Partly cloudy,27,82
Partly cloudy,27,82
Partly cloudy,27,82
Partly cloudy,27,82
Partly cloudy,27,82
Partly cloudy,27,82
Partly cloudy,27,82
Partly cloudy,27,82
Partly cloudy,27,82
Partly cloudy,27,82
Partly cloudy,27,82
Partly cloudy,27,82
Partly cloudy,27,82
Partly cloudy,27,82
Partly cloudy,27,82
Partly cloudy,27,82
Partly cloudy,27,82
Partly cloudy,27,82
Partly cloudy,27,82
Partly cloudy,27,82
Partly cloudy,27,82
Partly cloudy,27,82
Partly cloudy,27,82
Partly cloudy,27,82
Partly cloudy,27,82
Partly cloudy,27,82
Partly cloudy,27,82
Partly cloudy,27,82
Partly cloudy,27,82
Partly cloudy,27,82
Partly cloudy,27,82
Partly cloudy,27,82
Partly cloudy,27,82
Partly cloudy,27,82
Partly cloudy,27,82
Partly cloudy,27,82
Partly cloudy,27,82
Partly cloudy,27,82
Partly cloudy,27,82
Partly cloudy,27,82
Partly cloudy,27,82
Partly cloudy,27,82
Partly cloudy,27,82
Partly cloudy,27,82
Partly cloudy,27,82
Partly cloudy,27,82
Partly cloudy,27,82
Partly cloudy,27,82
Partly cloudy,27,82
Partly cloudy,27,82
Partly cloudy,27,82
Partly cloudy,27,82
Partly cloudy,27,82
Partly cloudy,27,82
Partly cloudy,27,82
Partly cloudy,27,82
Partly cloudy,27,82
Partly cloudy,27,82
Partly cloudy,27,82
Partly cloudy,27,82
Partly cloudy,27,82
Partly cloudy,27,82
Partly cloudy,27,82
Partly cloudy,27,82
Partly cloudy,27,82
Partly cloudy,27,82
Partly cloudy,27,82
Partly cloudy,27,82
Partly cloudy,27,82
Partly cloudy,27,82
Partly cloudy,27,82
Partly cloudy,27,82
Partly cloudy,27,82
Partly cloudy,27,82
Partly cloudy,27,82
Partly cloudy,27,82
Partly cloudy,27,82
Partly cloudy,27,82
Partly cloudy,27,82
Partly cloudy,27,82
Partly cloudy,27,82
Partly cloudy,27,82
Partly cloudy,27,82
Partly cloudy,27,82
Partly cloudy,27,82
Partly cloudy,27,82
Partly cloudy,27,82
Partly cloudy,27,82
Partly cloudy,27,82
Partly cloudy,27,82
Partly cloudy,27,82
Partly cloudy,27,82
Partly cloudy,27,82
Partly cloudy,27,82
Partly cloudy,27,82
Partly cloudy,27,82
Partly cloudy,27,82
Partly cloudy,27,82
Partly cloudy,27,82
Partly cloudy,27,82
Partly cloudy,27,82
Partly cloudy,27,82
Partly cloudy,27,82
Partly cloudy,27,82
Partly cloudy,27,82
Partly cloudy,27,82
Partly cloudy,27,82
Partly cloudy,27,82
Partly cloudy,27,82
Partly cloudy,27,82
Partly cloudy,27,82
Partly cloudy,27,82
Partly cloudy,27,82
Partly cloudy,27,82
Partly cloudy,27,82
Partly cloudy,27,82
Partly cloudy,27,82
Partly cloudy,27,82
Partly cloudy,27,82
Partly cloudy,27,82
Partly cloudy,27,82
Partly cloudy,27,82
Partly cloudy,27,82
Partly cloudy,27,82
Partly cloudy,27,82
Partly cloudy,27,82
Partly cloudy,27,82
Partly cloudy,27,82
Partly cloudy,27,82
Partly cloudy,27,82
Partly cloudy,27,82
Partly cloudy,27,82
Partly cloudy,27,82
Partly cloudy,27,82
Partly cloudy,27,82
Partly cloudy,27,82
Partly cloudy,27,82
Partly cloudy,27,82
Partly cloudy,27,82
Partly cloudy,27,82
Partly cloudy,27,82
Partly cloudy,27,82
Partly cloudy,27,82
Partly cloudy,27,82
Partly cloudy,27,82
Partly cloudy,27,82
Partly cloudy,27,82
Partly cloudy,27,82
Partly cloudy,27,82
Partly cloudy,27,82
Partly cloudy,27,82
Partly cloudy,27,82
Partly cloudy,27,82
Partly cloudy,27,82
Partly cloudy,27,82
Partly cloudy,27,82
Partly cloudy,27,82
Partly cloudy,27,82
Partly cloudy,27,82
Partly cloudy,27,82
Partly cloudy,27,82
Partly cloudy,27,82
Partly cloudy,27,82
Partly cloudy,27,82
Partly cloudy,27,82
Partly cloudy,27,82
Partly cloudy,27,82
Partly cloudy,27,82
Partly cloudy,27,82
Partly cloudy,27,82
Partly cloudy,27,82
Partly cloudy,27,82
Partly cloudy,27,82
Partly cloudy,27,82
Partly cloudy,27,82
Partly cloudy,27,82
Partly cloudy,27,82
Partly cloudy,27,82
Partly cloudy,27,82
Partly cloudy,27,82
Partly cloudy,27,82
Partly cloudy,27,82
Partly cloudy,27,82
Partly cloudy,27,82
Partly cloudy,27,82
Partly cloudy,27,82
Partly cloudy,27,82
Partly cloudy,27,82
Partly cloudy,27,82
Passing clouds,27,82
Passing clouds,27,82
Passing clouds,27,82
Passing clouds,27,82
Passing clouds,27,82
Passing clouds,27,82
Passing clouds,27,82
Passing clouds,27,82
Passing clouds,27,82
Passing clouds,27,82
Passing clouds,27,82
Passing clouds,27,82
Passing clouds,27,82
Passing clouds,27,82
Passing clouds,27,82
Passing clouds,27,82
Passing clouds,27,82
Passing clouds,27,82
Passing clouds,27,82
Passing clouds,27,82
Passing clouds,27,82
Passing clouds,27,82
Passing clouds,27,82
Passing clouds,27,82
Passing clouds,27,82
Passing clouds,27,82
Passing clouds,27,82
Passing clouds,27,82
Passing clouds,27,82
Passing clouds,27,82
Passing clouds,27,82
Partly cloudy,27,82
Partly cloudy,27,82
Partly cloudy,27,82
Partly cloudy,27,82
Partly cloudy,27,82
Partly cloudy,27,82
Partly cloudy,27,82
Partly cloudy,27,82
Partly cloudy,27,82
Partly cloudy,27,82
Partly cloudy,27,82
Partly cloudy,27,82
Partly cloudy,27,82
Partly cloudy,27,82
Partly cloudy,27,82
Partly cloudy,27,82
Partly cloudy,27,82
Partly cloudy,27,82
Partly cloudy,27,82
Partly cloudy,27,82
Partly cloudy,27,82
Partly cloudy,27,82
Partly cloudy,27,82
Partly cloudy,27,82
Partly cloudy,27,82
Partly cloudy,27,82
Partly cloudy,27,82
Partly cloudy,27,82
Partly cloudy,27,82
Partly cloudy,27,82
Partly cloudy,27,82
Partly cloudy,27,82
Partly cloudy,27,82
Partly cloudy,27,82
Partly cloudy,27,82
Partly cloudy,27,82
Partly cloudy,27,82
Partly cloudy,27,82
Partly cloudy,27,82
Partly cloudy,27,82
Partly cloudy,27,82
Partly cloudy,27,82
Partly cloudy,27,82
Partly cloudy,27,82
Partly cloudy,27,82
Partly cloudy,27,82
Partly cloudy,27,82
Partly cloudy,27,82
Partly cloudy,27,82
Partly cloudy,27,82
Partly cloudy,27,82
Partly cloudy,27,82
Partly cloudy,27,82
Partly cloudy,27,82
Partly cloudy,27,82
Partly cloudy,27,82
Partly cloudy,27,82
Partly cloudy,27,82
Partly cloudy,27,82
Partly cloudy,27,82
Partly cloudy,27,82
Partly cloudy,27,82
Partly cloudy,27,82
Partly cloudy,27,82
Partly cloudy,27,82
Partly cloudy,27,82
Partly cloudy,27,82
Partly cloudy,27,82
Partly cloudy,27,82
Partly cloudy,27,82
Partly cloudy,27,82
Partly cloudy,27,82
Partly cloudy,27,82
Partly cloudy,27,82
Partly cloudy,27,82
Partly cloudy,27,82
Partly cloudy,27,82
Partly cloudy,27,82
Partly cloudy,27,82
Partly cloudy,27,82
Partly cloudy,27,82
Partly cloudy,27,82
Partly cloudy,27,82
Partly cloudy,27,82
Partly cloudy,27,82
Partly cloudy,27,82
Partly cloudy,27,82
Partly cloudy,27,82
Partly cloudy,27,82
Partly cloudy,27,82
Partly cloudy,27,82
Partly cloudy,27,82
Partly cloudy,27,82
Partly cloudy,27,82
Partly cloudy,27,82
Partly cloudy,27,82
Partly cloudy,27,82
Partly cloudy,27,82
Passing clouds,27,82
Passing clouds,27,82
Passing clouds,27,82
Passing clouds,27,82
Passing clouds,27,82
Passing clouds,27,82
Passing clouds,27,82
Passing clouds,27,82
Passing clouds,27,82
Passing clouds,27,82
Passing clouds,27,82
Passing clouds,27,82
Passing clouds,27,82
Passing clouds,27,82
Passing clouds,27,82
Passing clouds,27,82
Passing clouds,27,82
Passing clouds,27,82
Passing clouds,27,82
Passing clouds,27,82
Passing clouds,27,82
Passing clouds,27,82
Passing clouds,27,82
Passing clouds,27,82
Passing clouds,27,82
Passing clouds,27,82
Passing clouds,27,82
Passing clouds,27,82
Passing clouds,27,82
Passing clouds,27,82
Partly cloudy,27,82
Partly cloudy,27,82
Partly cloudy,27,82
Partly cloudy,27,82
Partly cloudy,27,82
Partly cloudy,27,82
Partly cloudy,27,82
Partly cloudy,27,82
Partly cloudy,27,82
Partly cloudy,27,82
Partly cloudy,27,82
Partly cloudy,27,82
Partly cloudy,27,82
Partly cloudy,27,82
Partly cloudy,27,82
Partly cloudy,27,82
Partly cloudy,27,82
Partly cloudy,27,82
Partly cloudy,27,82
Partly cloudy,27,82
Partly cloudy,27,82
Partly cloudy,27,82
Partly cloudy,27,82
Partly cloudy,27,82
Partly cloudy,27,82
Partly cloudy,27,82
Partly cloudy,27,82
Partly cloudy,27,82
Partly cloudy,27,82
Partly cloudy,27,82
Partly cloudy,27,82
Passing clouds,27,82
Passing clouds,27,82
Passing clouds,27,82
Passing clouds,27,82
Passing clouds,27,82
Passing clouds,27,82
Passing clouds,27,82
Passing clouds,27,82
Passing clouds,27,82
Passing clouds,27,82
Passing clouds,27,82
Passing clouds,27,82
Passing clouds,27,82
Passing clouds,27,82
Passing clouds,27,82
Passing clouds,27,82
Passing clouds,27,82
Passing clouds,27,82
Passing clouds,27,82
Passing clouds,27,82
Passing clouds,27,82
Passing clouds,27,82
Passing clouds,27,82
Passing clouds,27,82
Passing clouds,27,82
Passing clouds,27,82
Passing clouds,27,82
Passing clouds,27,82
Passing clouds,27,82
Passing clouds,27,82
Passing clouds,27,82
Passing clouds,27,82
Passing clouds,27,82
Passing clouds,27,82
Passing clouds,27,82
Passing clouds,27,82
Partly cloudy,27,82
Partly cloudy,27,82
Partly cloudy,27,82
Partly cloudy,27,82
Partly cloudy,27,82
Partly cloudy,27,82
Partly cloudy,27,82
Partly cloudy,27,82
Partly cloudy,27,82
Partly cloudy,27,82
Partly cloudy,27,82
Partly cloudy,27,82
Partly cloudy,27,82
Partly cloudy,27,82
Partly cloudy,27,82
Partly cloudy,27,82
Partly cloudy,27,82
Partly cloudy,27,82
Partly cloudy,27,82
Partly cloudy,27,82
Partly cloudy,27,82
Partly cloudy,27,82
Partly cloudy,27,82
Partly cloudy,27,82
Partly cloudy,27,82
Partly cloudy,27,82
Partly cloudy,27,82
Partly cloudy,27,82
Partly cloudy,27,82
Partly cloudy,27,82
Partly cloudy,27,82
Partly cloudy,27,82
Partly cloudy,27,82
Partly cloudy,27,82
Partly cloudy,27,82
Partly cloudy,27,82
Partly cloudy,27,82
Partly cloudy,27,82
Partly cloudy,27,82
Partly cloudy,27,82
Partly cloudy,27,82
Partly cloudy,27,82
Partly cloudy,27,82
Partly cloudy,27,82
Partly cloudy,27,82
Partly cloudy,27,82
Partly cloudy,27,82
Partly cloudy,27,82
Partly cloudy,27,82
Partly cloudy,27,82
Partly cloudy,27,82
Partly cloudy,27,82
Partly cloudy,27,82
Partly cloudy,27,82
Partly cloudy,27,82
Partly cloudy,27,82
Partly cloudy,27,82
Partly cloudy,27,82
Partly cloudy,27,82
Partly cloudy,27,82
Partly cloudy,27,82
Partly cloudy,27,82
Partly cloudy,27,82
Partly cloudy,27,82
Partly cloudy,27,82
Partly cloudy,27,82
Partly cloudy,27,82
Partly cloudy,27,82
Partly cloudy,27,82
Partly cloudy,27,82
Partly cloudy,27,82
Partly cloudy,27,82
Partly cloudy,27,82
Partly cloudy,27,82
Partly cloudy,27,82
Partly cloudy,27,82
Partly cloudy,27,82
Partly cloudy,27,82
Partly cloudy,27,82
Partly cloudy,27,82
Partly cloudy,27,82
Partly cloudy,27,82
Partly cloudy,27,82
Partly cloudy,27,82
Partly cloudy,27,82
Partly cloudy,27,82
Partly cloudy,27,82
Partly cloudy,27,82
Partly cloudy,27,82
Partly cloudy,27,82
Partly cloudy,27,82
Partly cloudy,27,82
Partly cloudy,27,82
Partly cloudy,27,82
Partly cloudy,27,82
Partly cloudy,27,82
Partly cloudy,27,82
Partly cloudy,27,82
Partly cloudy,27,82
Partly cloudy,27,82
Partly cloudy,27,82
Partly cloudy,27,82
Partly cloudy,27,82
Partly cloudy,27,82
Partly cloudy,27,82
Partly cloudy,27,82
Partly cloudy,27,82
Partly cloudy,27,82
Partly cloudy,27,82
Partly cloudy,27,82
Partly cloudy,27,82
Partly cloudy,27,82
Partly cloudy,27,82
Partly cloudy,27,82
Partly cloudy,27,82
Partly cloudy,27,82
Partly cloudy,27,82
Partly cloudy,27,82
Partly cloudy,27,82
Partly cloudy,27,82
Partly cloudy,27,82
Partly cloudy,27,82
Partly cloudy,27,82
Partly cloudy,27,82
Partly cloudy,27,82
Partly cloudy,27,82
Partly cloudy,27,82
Partly cloudy,27,82
Partly cloudy,27,82
Partly cloudy,27,82
Passing clouds,27,82
Passing clouds,27,82
Passing clouds,27,82
Passing clouds,27,82
Passing clouds,27,82
Passing clouds,27,82
Passing clouds,27,82
Passing clouds,27,82
Passing clouds,27,82
Passing clouds,27,82
Passing clouds,27,82
Passing clouds,27,82
Passing clouds,27,82
Passing clouds,27,82
Passing clouds,27,82
Passing clouds,27,82
Passing clouds,27,82
Passing clouds,27,82
Passing clouds,27,82
Passing clouds,27,82
Passing clouds,27,82
Passing clouds,27,82
Passing clouds,27,82
Passing clouds,27,82
Passing clouds,27,82
Passing clouds,27,82
Passing clouds,27,82
Passing clouds,27,82
Passing clouds,27,82
Passing clouds,27,82
Passing clouds,27,82
Passing clouds,27,82
Partly cloudy,28,78
Partly cloudy,28,78
Partly cloudy,28,78
Partly cloudy,28,78
Partly cloudy,28,78
Partly cloudy,28,78
Partly cloudy,28,78
Partly cloudy,28,78
Partly cloudy,28,78
Partly cloudy,28,78
Partly cloudy,28,78
Partly cloudy,28,78
Partly cloudy,28,78
Partly cloudy,28,78
Partly cloudy,28,78
Partly cloudy,28,78
Partly cloudy,28,78
Partly cloudy,28,78
Partly cloudy,28,78
Partly cloudy,28,78
Partly cloudy,28,78
Partly cloudy,28,78
Partly cloudy,28,78
Partly cloudy,28,78
Partly cloudy,28,78
Partly cloudy,28,78
Partly cloudy,28,78
Partly cloudy,28,78
Partly cloudy,28,78
Partly cloudy,28,78
Partly cloudy,28,78
Partly cloudy,28,78
Partly cloudy,28,78
Partly cloudy,28,78
Partly cloudy,28,78
Partly cloudy,28,78
Partly cloudy,28,78
Partly cloudy,28,78
Partly cloudy,28,78
Partly cloudy,28,78
Partly cloudy,28,78
Partly cloudy,28,78
Partly cloudy,28,78
Partly cloudy,28,78
Partly cloudy,28,78
Partly cloudy,28,78
Partly cloudy,28,78
Partly cloudy,28,78
Partly cloudy,28,78
Partly cloudy,28,78
Partly cloudy,28,78
Partly cloudy,28,78
Partly cloudy,28,78
Partly cloudy,28,78
Partly cloudy,28,78
Partly cloudy,28,78
Partly cloudy,28,78
Partly cloudy,28,78
Partly cloudy,28,78
Partly cloudy,28,78
Partly cloudy,28,78
Partly cloudy,28,78
Partly cloudy,28,78
Partly cloudy,28,78
Partly cloudy,28,78
Partly cloudy,28,78
Partly cloudy,28,78
Partly cloudy,28,78
Partly cloudy,28,78
Partly cloudy,28,78
Partly cloudy,28,78
Partly cloudy,28,78
Partly cloudy,28,78
Partly cloudy,28,78
Partly cloudy,28,78
Partly cloudy,28,78
Partly cloudy,28,78
Partly cloudy,28,78
Partly cloudy,28,78
Partly cloudy,28,78
Partly cloudy,28,78
Partly cloudy,28,78
Partly cloudy,28,78
Partly cloudy,28,78
Partly cloudy,28,78
Partly cloudy,28,78
Partly cloudy,28,78
Partly cloudy,28,78
Partly cloudy,28,78
Partly cloudy,28,78
Partly cloudy,28,78
Partly cloudy,28,78
Partly cloudy,28,78
Partly cloudy,28,78
Partly cloudy,28,78
Partly cloudy,28,78
Partly cloudy,28,78
Partly cloudy,28,78
Partly cloudy,28,78
Partly cloudy,28,78
Partly cloudy,28,78
Partly cloudy,28,78
Partly cloudy,28,78
Partly cloudy,28,78
Partly cloudy,28,78
Partly cloudy,28,78
Partly cloudy,28,78
Partly cloudy,28,78
Passing clouds,28,78
Passing clouds,28,78
Passing clouds,28,78
Passing clouds,28,78
Passing clouds,28,78
Passing clouds,28,78
Passing clouds,28,78
Passing clouds,28,78
Passing clouds,28,78
Passing clouds,28,78
Passing clouds,28,78
Passing clouds,28,78
Passing clouds,28,78
Passing clouds,28,78
Passing clouds,28,78
Passing clouds,28,78
Passing clouds,28,78
Passing clouds,28,78
Passing clouds,28,78
Passing clouds,28,78
Passing clouds,28,78
Passing clouds,28,78
Passing clouds,28,78
Passing clouds,28,78
Passing clouds,28,78
Passing clouds,28,78
Passing clouds,28,78
Passing clouds,28,78
Passing clouds,28,78
Passing clouds,28,78
Passing clouds,28,78
Passing clouds,28,78
Passing clouds,28,78
Passing clouds,28,78
Passing clouds,28,78
Passing clouds,28,78
Passing clouds,28,78
Passing clouds,28,78
Passing clouds,28,78
Passing clouds,28,78
Passing clouds,28,78
Passing clouds,28,78
Passing clouds,28,78
Partly cloudy,28,78
Partly cloudy,28,78
Partly cloudy,28,78
Partly cloudy,28,78
Partly cloudy,28,78
Partly cloudy,28,78
Partly cloudy,28,78
Partly cloudy,28,78
Partly cloudy,28,78
Partly cloudy,28,78
Partly cloudy,28,78
Partly cloudy,28,78
Partly cloudy,28,78
Partly cloudy,28,78
Partly cloudy,28,78
Partly cloudy,28,78
Partly cloudy,28,78
Partly cloudy,28,78
Partly cloudy,28,78
Partly cloudy,28,78
Partly cloudy,28,78
Partly cloudy,28,78
Partly cloudy,28,78
Partly cloudy,28,78
Partly cloudy,28,78
Partly cloudy,28,78
Partly cloudy,28,78
Partly cloudy,28,78
Partly cloudy,28,78
Partly cloudy,28,78
Partly cloudy,28,78
Partly cloudy,28,78
Partly cloudy,28,78
Partly cloudy,28,78
Partly cloudy,28,78
Partly cloudy,28,78
Partly cloudy,28,78
Partly cloudy,28,78
Partly cloudy,28,78
Partly cloudy,28,78
Partly cloudy,28,78
Partly cloudy,28,78
Partly cloudy,28,78
Partly cloudy,28,78
Partly cloudy,28,78
Partly cloudy,28,78
Partly cloudy,28,78
Partly cloudy,28,78
Partly cloudy,28,78
Partly cloudy,28,78
Partly cloudy,28,78
Partly cloudy,28,78
Partly cloudy,28,78
Partly cloudy,28,78
Partly cloudy,28,78
Partly cloudy,28,78
Partly cloudy,28,78
Partly cloudy,28,78
Partly cloudy,28,78
Partly cloudy,28,78
Partly cloudy,28,78
Partly cloudy,28,78
Partly cloudy,28,78
Partly cloudy,28,78
Partly cloudy,28,78
Partly cloudy,28,78
Partly cloudy,28,78
Partly cloudy,28,78
Partly cloudy,28,78
Partly cloudy,28,78
Partly cloudy,28,78
Partly cloudy,28,78
Partly cloudy,28,78
Partly cloudy,28,78
Partly cloudy,28,78
Partly cloudy,28,78
Partly cloudy,28,78
Partly cloudy,28,78
Partly cloudy,28,78
Partly cloudy,28,78
Partly cloudy,28,78
Partly cloudy,28,78
Partly cloudy,28,78
Partly cloudy,28,78
Partly cloudy,28,78
Partly cloudy,28,78
Partly cloudy,28,78
Partly cloudy,28,78
Partly cloudy,28,78
Partly cloudy,28,78
Partly cloudy,28,78
Partly cloudy,28,78
Partly cloudy,28,78
Partly cloudy,28,78
Partly cloudy,28,78
Partly cloudy,28,78
Partly cloudy,28,78
Partly cloudy,28,78
Partly cloudy,28,78
Partly cloudy,28,78
Partly cloudy,28,78
Partly cloudy,28,78
Partly cloudy,28,78
Partly cloudy,28,78
Partly cloudy,28,78
Partly cloudy,28,78
Partly cloudy,28,78
Partly cloudy,28,78
Partly cloudy,28,78
Partly cloudy,28,78
Partly cloudy,28,78
Partly cloudy,28,78
Partly cloudy,28,78
Partly cloudy,28,78
Partly cloudy,28,78
Partly cloudy,28,78
Partly cloudy,28,78
Partly cloudy,28,78
Partly cloudy,28,78
Partly cloudy,28,78
Partly cloudy,28,78
Partly cloudy,28,78
Partly cloudy,28,78
Partly cloudy,28,78
Partly cloudy,28,78
Partly cloudy,28,78
Partly cloudy,28,78
Partly cloudy,28,78
Partly cloudy,28,78
Partly cloudy,28,78
Partly cloudy,28,78
Partly cloudy,28,78
Partly cloudy,28,78
Partly cloudy,28,78
Partly cloudy,28,78
Partly cloudy,28,78
Partly cloudy,28,78
Partly cloudy,28,78
Partly cloudy,28,78
Partly cloudy,28,78
Partly cloudy,28,78
Partly cloudy,28,78
Partly cloudy,28,78
Partly cloudy,28,78
Partly cloudy,28,78
Partly cloudy,28,78
Partly cloudy,28,78
Partly cloudy,28,78
Partly cloudy,28,78
Partly cloudy,28,78
Partly cloudy,28,78
Partly cloudy,28,78
Partly cloudy,28,78
Partly cloudy,28,78
Partly cloudy,28,78
Partly cloudy,28,78
Partly cloudy,28,78
Partly cloudy,28,78
Partly cloudy,28,78
Partly cloudy,28,78
Partly cloudy,28,78
Partly cloudy,28,78
Partly cloudy,28,78
Partly cloudy,28,78
Partly cloudy,28,78
Partly cloudy,28,78
Partly cloudy,28,78
Partly cloudy,28,78
Partly cloudy,28,78
Partly cloudy,28,78
Partly cloudy,28,78
Partly cloudy,28,78
Partly cloudy,28,78
Partly cloudy,28,78
Partly cloudy,28,78
Partly cloudy,28,78
Partly cloudy,28,78
Partly cloudy,28,78
Partly cloudy,28,78
Partly cloudy,28,78
Partly cloudy,28,78
Partly cloudy,28,78
Partly cloudy,28,78
Partly cloudy,28,78
Partly cloudy,28,78
Partly cloudy,28,78
Partly cloudy,28,78
Partly cloudy,28,78
Partly cloudy,28,78
Partly cloudy,28,78
Partly cloudy,28,78
Partly cloudy,28,78
Partly cloudy,28,78
Partly cloudy,28,78
Partly cloudy,28,78
Partly cloudy,28,78
Partly cloudy,28,78
Partly cloudy,28,78
Partly cloudy,28,78
Partly cloudy,28,78
Partly cloudy,28,78
Partly cloudy,28,78
Partly cloudy,28,78
Partly cloudy,28,78
Partly cloudy,28,78
Partly cloudy,28,78
Partly cloudy,28,78
Partly cloudy,28,78
Partly cloudy,28,78
Partly cloudy,28,78
Partly cloudy,28,78
Partly cloudy,28,78
Partly cloudy,28,78
Partly cloudy,28,78
Partly cloudy,28,78
Partly cloudy,28,78
Partly cloudy,28,78
Partly cloudy,28,78
Partly cloudy,28,78
Partly cloudy,28,78
Partly cloudy,28,78
Partly cloudy,28,78
Partly cloudy,28,78
Partly cloudy,28,78
Partly cloudy,28,78
Partly cloudy,28,78
Partly cloudy,28,78
Partly cloudy,28,78
Partly cloudy,28,78
Partly cloudy,28,78
Partly cloudy,28,78
Partly cloudy,28,78
Partly cloudy,28,78
Partly cloudy,28,78
Partly cloudy,28,78
Partly cloudy,28,78
Partly cloudy,28,78
Partly cloudy,28,78
Partly cloudy,28,78
Partly cloudy,28,78
Partly cloudy,28,78
Partly cloudy,28,78
Partly cloudy,28,78
Partly cloudy,28,78
Partly cloudy,28,78
Partly cloudy,28,78
Partly cloudy,28,78
Partly cloudy,28,78
Partly cloudy,28,78
Partly cloudy,28,78
Partly cloudy,28,78
Partly cloudy,28,78
Partly cloudy,28,78
Partly cloudy,28,78
Partly cloudy,28,78
Partly cloudy,28,78
Partly cloudy,28,78
Partly cloudy,28,78
Partly cloudy,28,78
Partly cloudy,28,78
Partly cloudy,28,78
Partly cloudy,28,78
Partly cloudy,28,78
Partly cloudy,28,78
Partly cloudy,28,78
Partly cloudy,28,78
Partly cloudy,28,78
Partly cloudy,28,78
Partly cloudy,28,78
Partly cloudy,28,78
Partly cloudy,28,78
Partly cloudy,28,78
Partly cloudy,28,78
Partly cloudy,28,78
Partly cloudy,28,78
Partly cloudy,28,78
Partly cloudy,28,78
Partly cloudy,28,78
Partly cloudy,28,78
Partly cloudy,28,78
Partly cloudy,28,78
Partly cloudy,28,78
Partly cloudy,28,78
Partly cloudy,28,78
Partly cloudy,28,78
Partly cloudy,28,78
Partly cloudy,28,78
Partly cloudy,28,78
Partly cloudy,28,78
Partly cloudy,28,78
Partly cloudy,28,78
Partly cloudy,28,78
Partly cloudy,28,78
Partly cloudy,28,78
Partly cloudy,28,78
Partly cloudy,28,78
Partly cloudy,28,78
Partly cloudy,28,78
Partly cloudy,28,78
Partly cloudy,28,78
Partly cloudy,28,78
Partly cloudy,28,78
Partly cloudy,28,78
Partly cloudy,28,78
Partly cloudy,28,78
Partly cloudy,28,78
Partly cloudy,28,78
Partly cloudy,28,78
Partly cloudy,28,78
Partly cloudy,28,78
Partly cloudy,28,78
Partly cloudy,28,78
Partly cloudy,28,78
Partly cloudy,28,78
Partly cloudy,28,78
Partly cloudy,28,78
Partly cloudy,28,78
Partly cloudy,28,78
Partly cloudy,28,78
Partly cloudy,28,78
Partly cloudy,28,78
Partly cloudy,28,78
Partly cloudy,28,78
Partly cloudy,28,78
Partly cloudy,28,78
Partly cloudy,28,78
Partly cloudy,28,78
Partly cloudy,28,78
Partly cloudy,28,78
Partly cloudy,28,78
Partly cloudy,28,78
Partly cloudy,28,78
Partly cloudy,28,78
Partly cloudy,28,78
Partly cloudy,28,78
Partly cloudy,28,78
Partly cloudy,28,78
Partly cloudy,28,78
Partly cloudy,28,78
Partly cloudy,28,78
Partly cloudy,28,78
Partly cloudy,28,78
Partly cloudy,28,78
Partly cloudy,28,78
Partly cloudy,28,78
Partly cloudy,28,78
Partly cloudy,28,78
Partly cloudy,28,78
Partly cloudy,28,78
Partly cloudy,28,78
Partly cloudy,28,78
Partly cloudy,28,78
Partly cloudy,28,78
Partly cloudy,28,78
Partly cloudy,28,78
Partly cloudy,28,78
Partly cloudy,28,78
Partly cloudy,28,78
Partly cloudy,28,78
Partly cloudy,28,78
Partly cloudy,28,78
Partly cloudy,28,78
Partly cloudy,28,78
Partly cloudy,28,78
Partly cloudy,28,78
Partly cloudy,28,78
Partly cloudy,28,78
Passing clouds,28,78
Passing clouds,28,78
Passing clouds,28,78
Passing clouds,28,78
Passing clouds,28,78
Passing clouds,28,78
Passing clouds,28,78
Passing clouds,28,78
Passing clouds,28,78
Passing clouds,28,78
Passing clouds,28,78
Passing clouds,28,78
Passing clouds,28,78
Passing clouds,28,78
Passing clouds,28,78
Passing clouds,28,78
Passing clouds,28,78
Passing clouds,28,78
Passing clouds,28,78
Passing clouds,28,78
Passing clouds,28,78
Passing clouds,28,78
Passing clouds,28,78
Passing clouds,28,78
Passing clouds,28,78
Passing clouds,28,78
Passing clouds,28,78
Passing clouds,28,78
Passing clouds,28,78
Passing clouds,28,78
Passing clouds,28,78
Passing clouds,28,78
Passing clouds,28,78
Passing clouds,28,78
Passing clouds,28,78
Passing clouds,28,78
Passing clouds,28,78
Passing clouds,28,78
Passing clouds,28,78
Passing clouds,28,78
Passing clouds,28,78
Passing clouds,28,78
Passing clouds,28,78
Passing clouds,28,78
Passing clouds,28,78
Passing clouds,28,78
Passing clouds,28,78
Passing clouds,28,78
Passing clouds,28,78
Passing clouds,28,78
Passing clouds,28,78
Passing clouds,28,78
Passing clouds,28,78
Passing clouds,28,78
Passing clouds,28,78
Passing clouds,28,78
Passing clouds,28,78
Partly cloudy,28,78
Partly cloudy,28,78
Partly cloudy,28,78
Partly cloudy,28,78
Partly cloudy,28,78
Partly cloudy,28,78
Partly cloudy,28,78
Partly cloudy,28,78
Partly cloudy,28,78
Partly cloudy,28,78
Partly cloudy,28,78
Partly cloudy,28,78
Partly cloudy,28,78
Partly cloudy,28,78
Partly cloudy,28,78
Partly cloudy,28,78
Partly cloudy,28,78
Partly cloudy,28,78
Partly cloudy,28,78
Partly cloudy,28,78
Partly cloudy,28,78
Partly cloudy,28,78
Partly cloudy,28,78
Partly cloudy,28,78
Partly cloudy,28,78
Partly cloudy,28,78
Partly cloudy,28,78
Partly cloudy,28,78
Partly cloudy,28,78
Partly cloudy,28,78
Partly cloudy,28,78
Partly cloudy,28,78
Partly cloudy,28,78
Partly cloudy,28,78
Partly cloudy,28,78
Partly cloudy,28,78
Partly cloudy,28,78
Partly cloudy,28,78
Partly cloudy,28,78
Partly cloudy,28,78
Partly cloudy,28,78
Partly cloudy,28,78
Partly cloudy,28,78
Partly cloudy,28,78
Partly cloudy,28,78
Partly cloudy,28,78
Partly cloudy,28,78
Partly cloudy,28,78
Partly cloudy,28,78
Partly cloudy,28,78
Partly cloudy,28,78
Partly cloudy,28,78
Partly cloudy,28,78
Partly cloudy,28,78
Partly cloudy,28,78
Partly cloudy,28,78
Partly cloudy,28,78
Partly cloudy,28,78
Partly cloudy,28,78
Partly cloudy,28,78
Partly cloudy,28,78
Partly cloudy,28,78
Partly cloudy,28,78
Partly cloudy,28,78
Partly cloudy,28,78
Partly cloudy,28,78
Partly cloudy,28,78
Partly cloudy,28,78
Partly cloudy,28,78
Light rain,28,78
Light rain,28,78
Light rain,28,78
Light rain,28,78
Light rain,28,78
Light rain,28,78
Light rain,28,78
Light rain,28,78
Light rain,28,78
Light rain,28,78
Light rain,28,78
Light rain,28,78
Light rain,28,78
Light rain,28,78
Light rain,28,78
Light rain,28,78
Light rain,28,78
Light rain,28,78
Light rain,28,78
Light rain,28,78
Light rain,28,78
Light rain,28,78
Light rain,28,78
Light rain,28,78
Light rain,28,78
Light rain,28,78
Light rain,28,78
Light rain,28,78
Light rain,28,78
Light rain,28,78
Light rain,28,78
Light rain,28,78
Thunderstorms,28,78
Thunderstorms,28,78
Thunderstorms,28,78
Thunderstorms,28,78
Thunderstorms,28,78
Thunderstorms,28,78
Thunderstorms,28,78
Thunderstorms,28,78
Thunderstorms,28,78
Thunderstorms,28,78
Thunderstorms,28,78
Thunderstorms,28,78
Thunderstorms,28,78
Thunderstorms,28,78
Thunderstorms,28,78
Thunderstorms,28,78
Thunderstorms,28,78
Thunderstorms,28,78
Thunderstorms,28,78
Thunderstorms,28,78
Thunderstorms,28,78
Thunderstorms,28,78
Thunderstorms,28,78
Thunderstorms,28,78
Thunderstorms,28,78
Thunderstorms,28,78
Thunderstorms,28,78
Thunderstorms,28,78
Thunderstorms,28,78
Thunderstorms,28,78
Thunderstorms,28,78
Thunderstorms,28,78
Partly cloudy,28,78
Partly cloudy,28,78
Partly cloudy,28,78
Partly cloudy,28,78
Partly cloudy,28,78
Partly cloudy,28,78
Partly cloudy,28,78
Partly cloudy,28,78
Partly cloudy,28,78
Partly cloudy,28,78
Partly cloudy,28,78
Partly cloudy,28,78
Partly cloudy,28,78
Partly cloudy,28,78
Partly cloudy,28,78
Partly cloudy,28,78
Partly cloudy,28,78
Partly cloudy,28,78
Partly cloudy,28,78
Partly cloudy,28,78
Partly cloudy,28,78
Partly cloudy,28,78
Partly cloudy,28,78
Partly cloudy,28,78
Partly cloudy,28,78
Partly cloudy,28,78
Partly cloudy,28,78
Partly cloudy,28,78
Partly cloudy,28,78
Partly cloudy,28,78
Partly cloudy,28,78
Partly cloudy,28,78
Partly cloudy,28,78
Partly cloudy,28,78
Partly cloudy,28,78
Partly cloudy,28,75
Partly cloudy,28,75
Partly cloudy,28,75
Partly cloudy,28,75
Partly cloudy,28,75
Partly cloudy,28,75
Partly cloudy,28,75
Partly cloudy,28,75
Partly cloudy,28,75
Partly cloudy,28,75
Partly cloudy,28,75
Partly cloudy,28,75
Partly cloudy,28,75
Partly cloudy,28,75
Partly cloudy,28,75
Partly cloudy,28,75
Partly cloudy,28,75
Partly cloudy,28,75
Partly cloudy,28,75
Partly cloudy,28,75
Partly cloudy,28,75
Partly cloudy,28,75
Partly cloudy,28,75
Partly cloudy,28,75
Partly cloudy,28,75
Partly cloudy,28,75
Partly cloudy,28,75
Partly cloudy,28,75
Partly cloudy,28,75
Partly cloudy,28,75
Partly cloudy,28,75
Partly cloudy,28,75
Partly cloudy,28,75
Partly cloudy,28,75
Partly cloudy,28,75
Partly cloudy,28,75
Partly cloudy,28,75
Partly cloudy,28,75
Partly cloudy,28,75
Partly cloudy,28,75
Partly cloudy,28,75
Partly cloudy,28,75
Partly cloudy,28,75
Partly cloudy,28,75
Partly cloudy,28,75
Partly cloudy,28,75
Partly cloudy,28,75
Partly cloudy,28,75
Partly cloudy,28,75
Partly cloudy,28,75
Partly cloudy,28,75
Partly cloudy,28,75
Partly cloudy,28,75
Partly cloudy,28,75
Partly cloudy,28,75
Partly cloudy,28,75
Partly cloudy,28,75
Partly cloudy,28,75
Partly cloudy,28,75
Partly cloudy,28,75
Partly cloudy,28,75
Partly cloudy,28,75
Partly cloudy,28,75
Partly cloudy,28,75
Partly cloudy,28,75
Partly cloudy,28,75
Partly cloudy,28,75
Partly cloudy,28,75
Partly cloudy,28,75
Partly cloudy,28,75
Partly cloudy,28,75
Partly cloudy,28,75
Partly cloudy,28,75
Partly cloudy,28,75
Partly cloudy,28,75
Partly cloudy,28,75
Partly cloudy,28,75
Partly cloudy,28,75
Partly cloudy,28,75
Partly cloudy,28,75
Partly cloudy,28,75
Partly cloudy,28,75
Partly cloudy,28,75
Partly cloudy,28,75
Partly cloudy,28,75
Partly cloudy,28,75
Partly cloudy,28,75
Partly cloudy,28,75
Partly cloudy,28,75
Partly cloudy,28,75
Partly cloudy,28,75
Partly cloudy,28,75
Partly cloudy,28,75
Partly cloudy,28,75
Partly cloudy,28,75
Partly cloudy,28,75
Partly cloudy,28,75
Partly cloudy,28,75
Partly cloudy,28,75
Passing clouds,28,75
Passing clouds,28,75
Passing clouds,28,75
Passing clouds,28,75
Passing clouds,28,75
Passing clouds,28,75
Passing clouds,28,75
Passing clouds,28,75
Passing clouds,28,75
Passing clouds,28,75
Passing clouds,28,75
Passing clouds,28,75
Passing clouds,28,75
Passing clouds,28,75
Passing clouds,28,75
Passing clouds,28,75
Passing clouds,28,75
Passing clouds,28,75
Passing clouds,28,75
Passing clouds,28,75
Passing clouds,28,75
Passing clouds,28,75
Passing clouds,28,75
Passing clouds,28,75
Passing clouds,28,75
Passing clouds,28,75
Passing clouds,28,75
Passing clouds,28,75
Passing clouds,28,75
Passing clouds,28,75
Passing clouds,28,75
Passing clouds,28,75
Passing clouds,28,75
Passing clouds,28,75
Passing clouds,28,75
Passing clouds,28,75
Passing clouds,28,75
Partly cloudy,28,75
Partly cloudy,28,75
Partly cloudy,28,75
Partly cloudy,28,75
Partly cloudy,28,75
Partly cloudy,28,75
Partly cloudy,28,75
Partly cloudy,28,75
Partly cloudy,28,75
Partly cloudy,28,75
Partly cloudy,28,75
Partly cloudy,28,75
Partly cloudy,28,75
Partly cloudy,28,75
Partly cloudy,28,75
Partly cloudy,28,75
Partly cloudy,28,75
Partly cloudy,28,75
Partly cloudy,28,75
Partly cloudy,28,75
Partly cloudy,28,75
Partly cloudy,28,75
Partly cloudy,28,75
Partly cloudy,28,75
Partly cloudy,28,75
Partly cloudy,28,75
Partly cloudy,28,75
Partly cloudy,28,75
Partly cloudy,28,75
Partly cloudy,28,75
Partly cloudy,28,75
Partly cloudy,28,75
Partly cloudy,28,75
Partly cloudy,28,75
Partly cloudy,28,75
Partly cloudy,28,75
Partly cloudy,28,75
Partly cloudy,28,75
Partly cloudy,28,75
Partly cloudy,28,75
Partly cloudy,28,75
Partly cloudy,28,75
Partly cloudy,28,75
Partly cloudy,28,75
Partly cloudy,28,75
Partly cloudy,28,75
Partly cloudy,28,75
Partly cloudy,28,75
Partly cloudy,28,75
Partly cloudy,28,75
Partly cloudy,28,75
Partly cloudy,28,75
Partly cloudy,28,75
Partly cloudy,28,75
Partly cloudy,28,75
Partly cloudy,28,75
Partly cloudy,28,75
Partly cloudy,28,75
Partly cloudy,28,75
Partly cloudy,28,75
Partly cloudy,28,75
Partly cloudy,28,75
Partly cloudy,28,75
Partly cloudy,28,75
Partly cloudy,28,75
Partly cloudy,28,75
Partly cloudy,28,75
Partly cloudy,28,75
Partly cloudy,28,75
Partly cloudy,28,75
Partly cloudy,28,75
Partly cloudy,28,75
Partly cloudy,28,75
Partly cloudy,28,75
Partly cloudy,28,75
Partly cloudy,28,75
Partly cloudy,28,75
Partly cloudy,28,75
Partly cloudy,28,75
Partly cloudy,28,75
Partly cloudy,28,75
Partly cloudy,28,75
Partly cloudy,28,75
Partly cloudy,28,75
Partly cloudy,28,75
Partly cloudy,28,75
Partly cloudy,28,75
Partly cloudy,28,75
Partly cloudy,28,75
Partly cloudy,28,75
Partly cloudy,28,75
Partly cloudy,28,75
Partly cloudy,28,75
Partly cloudy,28,75
Partly cloudy,28,75
Partly cloudy,28,75
Partly cloudy,28,75
Partly cloudy,28,75
Passing clouds,28,75
Passing clouds,28,75
Passing clouds,28,75
Passing clouds,28,75
Passing clouds,28,75
Passing clouds,28,75
Passing clouds,28,75
Passing clouds,28,75
Passing clouds,28,75
Passing clouds,28,75
Passing clouds,28,75
Passing clouds,28,75
Passing clouds,28,75
Passing clouds,28,75
Passing clouds,28,75
Passing clouds,28,75
Passing clouds,28,75
Passing clouds,28,75
Passing clouds,28,75
Passing clouds,28,75
Passing clouds,28,75
Passing clouds,28,75
Passing clouds,28,75
Passing clouds,28,75
Passing clouds,28,75
Passing clouds,28,75
Passing clouds,28,75
Passing clouds,28,75
Passing clouds,28,75
Passing clouds,28,75
Passing clouds,28,75
Passing clouds,28,75
Passing clouds,28,75
Passing clouds,28,75
Partly cloudy,28,75
Partly cloudy,28,75
Partly cloudy,28,75
Partly cloudy,28,75
Partly cloudy,28,75
Partly cloudy,28,75
Partly cloudy,28,75
Partly cloudy,28,75
Partly cloudy,28,75
Partly cloudy,28,75
Partly cloudy,28,75
Partly cloudy,28,75
Partly cloudy,28,75
Partly cloudy,28,75
Partly cloudy,28,75
Partly cloudy,28,75
Partly cloudy,28,75
Partly cloudy,28,75
Partly cloudy,28,75
Partly cloudy,28,75
Partly cloudy,28,75
Partly cloudy,28,75
Partly cloudy,28,75
Partly cloudy,28,75
Partly cloudy,28,75
Partly cloudy,28,75
Partly cloudy,28,75
Partly cloudy,28,75
Partly cloudy,28,75
Partly cloudy,28,75
Partly cloudy,28,75
Partly cloudy,28,75
Partly cloudy,28,75
Partly cloudy,28,75
Partly cloudy,28,75
Partly cloudy,28,75
Partly cloudy,28,75
Partly cloudy,28,75
Partly cloudy,28,75
Partly cloudy,28,75
Partly cloudy,28,75
Partly cloudy,28,75
Partly cloudy,28,75
Partly cloudy,28,75
Partly cloudy,28,75
Partly cloudy,28,75
Partly cloudy,28,75
Partly cloudy,28,75
Partly cloudy,28,75
Partly cloudy,28,75
Partly cloudy,28,75
Partly cloudy,28,75
Partly cloudy,28,75
Partly cloudy,28,75
Partly cloudy,28,75
Partly cloudy,28,75
Partly cloudy,28,75
Partly cloudy,28,75
Partly cloudy,28,75
Partly cloudy,28,75
Partly cloudy,28,75
Partly cloudy,28,75
Partly cloudy,28,75
Partly cloudy,28,75
Partly cloudy,28,75
Partly cloudy,28,75
Partly cloudy,28,75
Partly cloudy,28,75
Partly cloudy,28,75
Partly cloudy,28,75
Partly cloudy,28,75
Partly cloudy,28,75
Partly cloudy,28,75
Partly cloudy,28,75
Partly cloudy,28,75
Partly cloudy,28,75
Partly cloudy,28,75
Partly cloudy,28,75
Partly cloudy,28,75
Partly cloudy,28,75
Partly cloudy,28,75
Partly cloudy,28,75
Partly cloudy,28,75
Partly cloudy,28,75
Partly cloudy,28,75
Partly cloudy,28,75
Partly cloudy,28,75
Partly cloudy,28,75
Partly cloudy,28,75
Partly cloudy,28,75
Partly cloudy,28,75
Partly cloudy,28,75
Partly cloudy,28,75
Partly cloudy,28,75
Partly cloudy,28,75
Partly cloudy,28,75
Partly cloudy,28,75
Partly cloudy,28,75
Partly cloudy,28,75
Partly cloudy,28,75
Partly cloudy,28,75
Partly cloudy,28,75
Partly cloudy,28,75
Partly cloudy,28,75
Partly cloudy,28,75
Partly cloudy,28,75
Partly cloudy,28,75
Partly cloudy,28,75
Partly cloudy,28,75
Partly cloudy,28,75
Partly cloudy,28,75
Partly cloudy,28,75
Partly cloudy,28,75
Partly cloudy,28,75
Partly cloudy,28,75
Partly cloudy,28,75
Partly cloudy,28,75
Partly cloudy,28,75
Partly cloudy,28,75
Partly cloudy,28,75
Partly cloudy,28,75
Partly cloudy,28,75
Partly cloudy,28,75
Partly cloudy,28,75
Partly cloudy,28,75
Partly cloudy,28,75
Partly cloudy,28,75
Partly cloudy,28,75
Partly cloudy,28,75
Partly cloudy,28,75
Partly cloudy,28,75
Partly cloudy,28,75
Partly cloudy,28,75
Partly cloudy,28,75
Partly cloudy,28,75
Partly cloudy,28,75
Partly cloudy,28,75
Partly cloudy,28,75
Partly cloudy,28,75
Partly cloudy,28,75
Partly cloudy,28,75
Partly cloudy,28,75
Partly cloudy,28,75
Partly cloudy,28,75
Partly cloudy,28,75
Partly cloudy,28,75
Partly cloudy,28,75
Partly cloudy,28,75
Partly cloudy,28,75
Partly cloudy,28,75
Partly cloudy,28,75
Partly cloudy,28,75
Partly cloudy,28,75
Partly cloudy,28,75
Partly cloudy,28,75
Partly cloudy,28,75
Partly cloudy,28,75
Partly cloudy,28,75
Partly cloudy,28,75
Partly cloudy,28,75
Partly cloudy,28,75
Partly cloudy,28,75
Partly cloudy,28,75
Partly cloudy,28,75
Partly cloudy,28,75
Partly cloudy,28,75
Partly cloudy,28,75
Partly cloudy,28,75
Partly cloudy,28,75
Partly cloudy,28,75
Partly cloudy,28,75
Partly cloudy,28,75
Partly cloudy,28,75
Partly cloudy,28,75
Partly cloudy,28,75
Partly cloudy,28,75
Partly cloudy,28,75
Partly cloudy,28,75
Partly cloudy,28,75
Partly cloudy,28,75
Partly cloudy,28,75
Partly cloudy,28,75
Partly cloudy,28,75
Partly cloudy,28,75
Partly cloudy,28,75
Partly cloudy,28,75
Partly cloudy,28,75
Partly cloudy,28,75
Partly cloudy,28,75
Partly cloudy,28,75
Partly cloudy,28,75
Partly cloudy,28,75
Partly cloudy,28,75
Partly cloudy,28,75
Partly cloudy,28,75
Partly cloudy,28,75
Partly cloudy,28,75
Partly cloudy,28,75
Partly cloudy,28,75
Partly cloudy,28,75
Partly cloudy,28,75
Partly cloudy,28,75
Partly cloudy,28,75
Partly cloudy,28,75
Partly cloudy,28,75
Partly cloudy,28,75
Partly cloudy,28,75
Partly cloudy,28,75
Partly cloudy,28,75
Partly cloudy,28,75
Partly cloudy,28,75
Partly cloudy,28,75
Partly cloudy,28,75
Partly cloudy,28,75
Partly cloudy,28,75
Partly cloudy,28,75
Partly cloudy,28,75
Partly cloudy,28,75
Partly cloudy,28,75
Partly cloudy,28,75
Partly cloudy,28,75
Partly cloudy,28,75
Partly cloudy,28,75
Passing clouds,28,75
Passing clouds,28,75
Passing clouds,28,75
Passing clouds,28,75
Passing clouds,28,75
Passing clouds,28,75
Passing clouds,28,75
Passing clouds,28,75
Passing clouds,28,75
Passing clouds,28,75
Passing clouds,28,75
Passing clouds,28,75
Passing clouds,28,75
Passing clouds,28,75
Passing clouds,28,75
Passing clouds,28,75
Passing clouds,28,75
Passing clouds,28,75
Passing clouds,28,75
Passing clouds,28,75
Passing clouds,28,75
Passing clouds,28,75
Passing clouds,28,75
Passing clouds,28,75
Passing clouds,28,75
Partly cloudy,28,75
Partly cloudy,28,75
Partly cloudy,28,75
Partly cloudy,28,75
Partly cloudy,28,75
Partly cloudy,28,75
Partly cloudy,28,75
Partly cloudy,28,75
Partly cloudy,28,75
Partly cloudy,28,75
Partly cloudy,28,75
Partly cloudy,28,75
Partly cloudy,28,75
Partly cloudy,28,75
Partly cloudy,28,75
Partly cloudy,28,75
Partly cloudy,28,75
Partly cloudy,28,75
Partly cloudy,28,75
Partly cloudy,28,75
Partly cloudy,28,75
Partly cloudy,28,75
Partly cloudy,28,75
Partly cloudy,28,75
Partly cloudy,28,75
Partly cloudy,28,75
Partly cloudy,28,75
Partly cloudy,28,75
Partly cloudy,28,75
Partly cloudy,28,75
Partly cloudy,28,75
Partly cloudy,28,75
Partly cloudy,28,75
Partly cloudy,28,75
Partly cloudy,28,75
Partly cloudy,28,75
Partly cloudy,28,75
Partly cloudy,28,75
Partly cloudy,28,75
Partly cloudy,28,75
Partly cloudy,28,75
Partly cloudy,28,75
Partly cloudy,28,75
Partly cloudy,28,75
Partly cloudy,28,75
Partly cloudy,28,75
Partly cloudy,28,75
Partly cloudy,28,75
Partly cloudy,28,75
Partly cloudy,28,75
Partly cloudy,28,75
Partly cloudy,28,75
Partly cloudy,28,75
Partly cloudy,28,75
Partly cloudy,28,75
Partly cloudy,28,75
Partly cloudy,28,75
Partly cloudy,28,75
Partly cloudy,28,75
Partly cloudy,28,75
Partly cloudy,28,75
Partly cloudy,28,75
Partly cloudy,28,75
Partly cloudy,28,75
Partly cloudy,28,75
Partly cloudy,28,75
Partly cloudy,28,75
Partly cloudy,28,75
Partly cloudy,28,75
Partly cloudy,28,75
Partly cloudy,28,75
Partly cloudy,28,75
Partly cloudy,28,75
Partly cloudy,28,75
Partly cloudy,28,75
Partly cloudy,28,75
Partly cloudy,28,75
Partly cloudy,28,75
Partly cloudy,28,75
Partly cloudy,28,75
Partly cloudy,28,75
Partly cloudy,28,75
Partly cloudy,28,75
Partly cloudy,28,75
Partly cloudy,28,75
Partly cloudy,28,75
Partly cloudy,28,75
Partly cloudy,28,75
Partly cloudy,28,75
Partly cloudy,28,75
Partly cloudy,28,75
Partly cloudy,28,75
Partly cloudy,28,75
Partly cloudy,28,75
Partly cloudy,28,75
Partly cloudy,28,75
Partly cloudy,28,75
Partly cloudy,28,75
Partly cloudy,28,75
Partly cloudy,28,75
Partly cloudy,28,75
Partly cloudy,28,75
Partly cloudy,28,75
Partly cloudy,28,75
Partly cloudy,28,75
Partly cloudy,28,75
Partly cloudy,28,75
Partly cloudy,28,75
Partly cloudy,28,75
Partly cloudy,28,75
Partly cloudy,28,75
Partly cloudy,28,75
Partly cloudy,28,75
Partly cloudy,28,75
Partly cloudy,28,75
Partly cloudy,28,75
Partly cloudy,28,75
Partly cloudy,28,75
Partly cloudy,28,75
Partly cloudy,28,75
Partly cloudy,28,75
Partly cloudy,28,75
Partly cloudy,28,75
Partly cloudy,28,75
Partly cloudy,28,75
Partly cloudy,28,75
Partly cloudy,28,75
Partly cloudy,28,75
Partly cloudy,28,75
Partly cloudy,28,75
Partly cloudy,28,75
Partly cloudy,28,75
Partly cloudy,28,75
Partly cloudy,28,75
Partly cloudy,28,75
Partly cloudy,28,75
Partly cloudy,28,75
Partly cloudy,28,75
Partly cloudy,29,75
Partly cloudy,29,75
Partly cloudy,29,75
Partly cloudy,29,75
Partly cloudy,29,75
Partly cloudy,29,75
Partly cloudy,29,75
Partly cloudy,29,75
Partly cloudy,29,75
Partly cloudy,29,75
Partly cloudy,29,75
Partly cloudy,29,75
Partly cloudy,29,75
Partly cloudy,29,75
Partly cloudy,29,75
Partly cloudy,29,75
Partly cloudy,29,75
Partly cloudy,29,75
Partly cloudy,29,75
Partly cloudy,29,75
Partly cloudy,29,75
Partly cloudy,29,75
Partly cloudy,29,75
Partly cloudy,29,75
Partly cloudy,29,75
Partly cloudy,29,75
Partly cloudy,29,75
Partly cloudy,29,75
Partly cloudy,29,75
Partly cloudy,29,75
Partly cloudy,29,75
Partly cloudy,29,75
Partly cloudy,29,75
Partly cloudy,29,75
Partly cloudy,29,75
Partly cloudy,29,75
Partly cloudy,29,75
Partly cloudy,29,75
Partly cloudy,29,75
Partly cloudy,29,75
Partly cloudy,29,75
Partly cloudy,29,75
Partly cloudy,29,75
Partly cloudy,29,75
Partly cloudy,29,75
Partly cloudy,29,75
Partly cloudy,29,75
Partly cloudy,29,75
Partly cloudy,29,75
Partly cloudy,29,75
Partly cloudy,29,75
Partly cloudy,29,75
Partly cloudy,29,75
Partly cloudy,29,75
Partly cloudy,29,75
Passing clouds,30,77
Passing clouds,30,77
Passing clouds,30,77
Passing clouds,30,77
Passing clouds,30,77
Passing clouds,30,77
Passing clouds,30,77
Passing clouds,30,77
Passing clouds,30,77
Passing clouds,30,77
Passing clouds,30,77
Passing clouds,30,77
Passing clouds,30,77
Passing clouds,30,77
Passing clouds,30,77
Passing clouds,30,77
Passing clouds,30,77
Passing clouds,30,77
Passing clouds,30,77
Passing clouds,30,77
Passing clouds,30,77
Passing clouds,30,77
Passing clouds,30,77
Passing clouds,30,77
Passing clouds,30,77
Passing clouds,30,77
Passing clouds,30,77
Passing clouds,30,77
Passing clouds,30,77
Passing clouds,30,77
Passing clouds,30,77
Passing clouds,30,77
Passing clouds,30,77
Partly cloudy,30,77
Partly cloudy,30,77
Partly cloudy,30,77
Partly cloudy,30,77
Partly cloudy,30,77
Partly cloudy,30,77
Partly cloudy,30,77
Partly cloudy,30,77
Partly cloudy,30,77
Partly cloudy,30,77
Partly cloudy,30,77
Partly cloudy,30,77
Partly cloudy,30,77
Partly cloudy,30,77
Partly cloudy,30,77
Partly cloudy,30,77
Partly cloudy,30,77
Partly cloudy,30,77
Partly cloudy,30,77
Partly cloudy,30,77
Partly cloudy,30,77
Partly cloudy,30,77
Partly cloudy,30,77
Partly cloudy,30,77
Partly cloudy,30,77
Partly cloudy,30,77
Partly cloudy,30,77
Partly cloudy,30,77
Partly cloudy,30,77
Partly cloudy,30,77
Partly cloudy,30,77
Partly cloudy,30,77
Partly cloudy,30,77
Partly cloudy,30,77
Partly cloudy,30,77
Partly cloudy,30,77
Partly cloudy,30,77
Partly cloudy,30,77
Partly cloudy,30,77
Partly cloudy,29,81
Partly cloudy,29,81
Partly cloudy,29,81
Partly cloudy,29,81
Partly cloudy,29,81
Partly cloudy,29,81
Partly cloudy,29,81
Partly cloudy,29,81
Partly cloudy,29,81
Partly cloudy,29,81
Partly cloudy,29,81
Partly cloudy,29,81
Partly cloudy,29,81
Partly cloudy,29,81
Partly cloudy,29,81
Partly cloudy,29,81
Partly cloudy,29,81
Partly cloudy,29,81
Partly cloudy,29,81
Partly cloudy,29,81
Partly cloudy,29,81
Partly cloudy,29,81
Partly cloudy,29,81
Partly cloudy,29,81
Partly cloudy,29,81
Partly cloudy,29,81
Partly cloudy,29,81
Partly cloudy,29,81
Partly cloudy,29,81
Partly cloudy,29,81
Partly cloudy,29,81
Partly cloudy,29,81
Partly cloudy,29,81
Partly cloudy,29,81
Partly cloudy,29,81
Partly cloudy,29,81
Partly cloudy,29,81
Partly cloudy,29,81
Partly cloudy,29,81
Partly cloudy,29,81
Partly cloudy,29,81
Partly cloudy,29,81
Partly cloudy,29,81
Partly cloudy,29,81
Partly cloudy,29,81
Partly cloudy,29,81
Partly cloudy,29,81
Partly cloudy,29,81
Partly cloudy,29,81
Partly cloudy,29,81
Partly cloudy,29,81
Partly cloudy,29,81
Partly cloudy,29,81
Partly cloudy,29,81
Partly cloudy,29,81
Partly cloudy,29,81
Partly cloudy,29,81
Partly cloudy,29,81
Partly cloudy,29,81
Partly cloudy,29,81
Partly cloudy,29,81
Partly cloudy,29,81
Partly cloudy,29,81
Partly cloudy,29,81
Partly cloudy,29,81
Passing clouds,29,77
Passing clouds,29,77
Passing clouds,29,77
Passing clouds,29,77
Passing clouds,29,77
Passing clouds,29,77
Passing clouds,29,77
Passing clouds,29,77
Passing clouds,29,77
Passing clouds,29,77
Passing clouds,29,77
Passing clouds,29,77
Passing clouds,29,77
Passing clouds,29,77
Passing clouds,29,77
Passing clouds,29,77
Passing clouds,29,77
Passing clouds,29,77
Passing clouds,29,77
Passing clouds,29,77
Passing clouds,29,77
Passing clouds,29,77
Passing clouds,29,77
Passing clouds,29,77
Passing clouds,29,77
Passing clouds,29,77
Passing clouds,29,77
Passing clouds,29,77
Passing clouds,29,77
Passing clouds,29,77
Passing clouds,29,77
Passing clouds,29,77
Passing clouds,29,77
Passing clouds,29,77
Passing clouds,29,77
Passing clouds,29,77
Passing clouds,29,77
Passing clouds,29,77
Partly cloudy,29,77
Partly cloudy,29,77
Partly cloudy,29,77
Partly cloudy,29,77
Partly cloudy,29,77
Partly cloudy,29,77
Partly cloudy,29,77
Partly cloudy,29,77
Partly cloudy,29,77
Partly cloudy,29,77
Partly cloudy,29,77
Partly cloudy,29,77
Partly cloudy,29,77
Partly cloudy,29,77
Partly cloudy,29,77
Partly cloudy,29,77
Partly cloudy,29,77
Partly cloudy,29,77
Partly cloudy,29,77
Partly cloudy,29,77
Partly cloudy,29,77
Partly cloudy,29,77
Partly cloudy,29,77
Partly cloudy,29,77
Partly cloudy,29,77
Partly cloudy,29,77
Partly cloudy,29,77
Partly cloudy,29,77
Partly cloudy,29,77
Partly cloudy,29,77
Partly cloudy,29,77
Partly cloudy,29,77
Partly cloudy,29,77
Partly cloudy,29,77
Partly cloudy,29,77
Partly cloudy,29,77
Partly cloudy,29,77
Partly cloudy,29,77
Partly cloudy,29,77
Partly cloudy,29,77
Partly cloudy,28,79
Partly cloudy,28,79
Partly cloudy,28,79
Partly cloudy,28,79
Partly cloudy,28,79
Partly cloudy,28,79
Partly cloudy,28,79
Partly cloudy,28,79
Partly cloudy,28,79
Partly cloudy,28,79
Partly cloudy,28,79
Partly cloudy,28,79
Partly cloudy,28,79
Partly cloudy,28,79
Partly cloudy,28,79
Partly cloudy,28,79
Partly cloudy,28,79
Partly cloudy,28,79
Partly cloudy,28,79
Partly cloudy,28,79
Partly cloudy,28,79
Partly cloudy,28,79
Partly cloudy,28,79
Partly cloudy,28,79
Partly cloudy,28,79
Partly cloudy,28,79
Partly cloudy,28,79
Partly cloudy,28,79
Partly cloudy,28,79
Partly cloudy,28,79
Partly cloudy,28,79
Partly cloudy,28,79
Partly cloudy,28,79
Partly cloudy,28,79
Partly cloudy,28,79
Partly cloudy,28,79
Partly cloudy,28,79
Partly cloudy,28,79
Partly cloudy,28,79
Partly cloudy,28,79
Partly cloudy,28,79
Partly cloudy,28,79
Passing clouds,28,79
Passing clouds,28,79
Passing clouds,28,79
Passing clouds,28,79
Passing clouds,28,79
Passing clouds,28,79
Passing clouds,28,79
Passing clouds,28,79
Passing clouds,28,79
Passing clouds,28,79
Passing clouds,28,79
Passing clouds,28,79
Passing clouds,28,79
Passing clouds,28,79
Passing clouds,28,79
Passing clouds,28,79
Passing clouds,28,79
Passing clouds,28,79
Passing clouds,28,79
Passing clouds,28,79
Passing clouds,28,79
Passing clouds,28,79
Passing clouds,28,79
Passing clouds,28,79
Passing clouds,28,79
Passing clouds,28,79
Passing clouds,28,79
Passing clouds,28,79
Passing clouds,28,79
Passing clouds,28,79
Passing clouds,28,79
Passing clouds,28,79
Passing clouds,28,79
Passing clouds,28,79
Partly cloudy,29,73
Partly cloudy,29,73
Partly cloudy,29,73
Partly cloudy,29,73
Partly cloudy,29,73
Partly cloudy,29,73
Partly cloudy,29,73
Partly cloudy,29,73
Partly cloudy,29,73
Partly cloudy,29,73
Partly cloudy,29,73
Partly cloudy,29,73
Partly cloudy,29,73
Partly cloudy,29,73
Partly cloudy,29,73
Partly cloudy,29,73
Partly cloudy,29,73
Partly cloudy,29,73
Partly cloudy,29,73
Partly cloudy,29,73
Partly cloudy,29,73
Partly cloudy,29,73
Partly cloudy,29,73
Partly cloudy,29,73
Partly cloudy,29,73
Partly cloudy,29,73
Partly cloudy,29,73
Partly cloudy,29,73
Partly cloudy,29,73
Partly cloudy,29,73
Partly cloudy,29,73
Partly cloudy,29,73
Partly cloudy,29,73
Partly cloudy,29,73
Partly cloudy,29,73
Passing clouds,29,73
Passing clouds,29,73
Passing clouds,29,73
Passing clouds,29,73
Passing clouds,29,73
Passing clouds,29,73
Passing clouds,29,73
Passing clouds,29,73
Passing clouds,29,73
Passing clouds,29,73
Passing clouds,29,73
Passing clouds,29,73
Passing clouds,29,73
Passing clouds,29,73
Passing clouds,29,73
Passing clouds,29,73
Passing clouds,29,73
Passing clouds,29,73
Passing clouds,29,73
Passing clouds,29,73
Passing clouds,29,73
Passing clouds,29,73
Passing clouds,29,73
Passing clouds,29,73
Passing clouds,29,73
Passing clouds,29,73
Passing clouds,29,73
Passing clouds,29,73
Passing clouds,29,73
Passing clouds,29,73
Passing clouds,29,73
Passing clouds,29,73
Passing clouds,29,73
Passing clouds,29,75
Passing clouds,29,75
Passing clouds,29,75
Passing clouds,29,75
Passing clouds,29,75
Passing clouds,29,75
Passing clouds,29,75
Passing clouds,29,75
Passing clouds,29,75
Passing clouds,29,75
Passing clouds,29,75
Passing clouds,29,75
Passing clouds,29,75
Passing clouds,29,75
Passing clouds,29,75
Passing clouds,29,75
Passing clouds,29,75
Passing clouds,29,75
Passing clouds,29,75
Passing clouds,29,75
Passing clouds,29,75
Passing clouds,29,75
Passing clouds,29,75
Passing clouds,29,75
Passing clouds,29,75
Passing clouds,29,75
Passing clouds,29,75
Passing clouds,29,75
Passing clouds,29,75
Passing clouds,29,75
Passing clouds,29,75
Passing clouds,29,75
Passing clouds,29,75
Passing clouds,29,75
Partly cloudy,29,75
Partly cloudy,29,75
Partly cloudy,29,75
Partly cloudy,29,75
Partly cloudy,29,75
Partly cloudy,29,75
Partly cloudy,29,75
Partly cloudy,29,75
Partly cloudy,29,75
Partly cloudy,29,75
Partly cloudy,29,75
Partly cloudy,29,75
Partly cloudy,29,75
Partly cloudy,29,75
Partly cloudy,29,75
Partly cloudy,29,75
Partly cloudy,29,75
Partly cloudy,29,75
Partly cloudy,29,75
Partly cloudy,29,75
Partly cloudy,29,75
Partly cloudy,29,75
Partly cloudy,29,75
Partly cloudy,29,75
Partly cloudy,29,75
Partly cloudy,29,75
Partly cloudy,29,75
Partly cloudy,29,75
Partly cloudy,29,75
Partly cloudy,29,75
Partly cloudy,29,75
Partly cloudy,29,75
Partly cloudy,29,75
Partly cloudy,28,76
Partly cloudy,28,76
Partly cloudy,28,76
Partly cloudy,28,76
Partly cloudy,28,76
Partly cloudy,28,76
Partly cloudy,28,76
Partly cloudy,28,76
Partly cloudy,28,76
Partly cloudy,28,76
Partly cloudy,28,76
Partly cloudy,28,76
Partly cloudy,28,76
Partly cloudy,28,76
Partly cloudy,28,76
Partly cloudy,28,76
Partly cloudy,28,76
Partly cloudy,28,76
Partly cloudy,28,76
Partly cloudy,28,76
Partly cloudy,28,76
Partly cloudy,28,76
Partly cloudy,28,76
Partly cloudy,28,76
Partly cloudy,28,76
Partly cloudy,28,76
Partly cloudy,28,76
Partly cloudy,28,76
Partly cloudy,28,76
Partly cloudy,28,76
Partly cloudy,28,76
Partly cloudy,28,76
Partly cloudy,28,76
Partly cloudy,28,76
Partly cloudy,28,76
Partly cloudy,28,76
Partly cloudy,28,76
Partly cloudy,28,76
Partly cloudy,28,76
Partly cloudy,28,76
Partly cloudy,28,76
Partly cloudy,28,76
Partly cloudy,28,76
Partly cloudy,28,76
Partly cloudy,28,76
Partly cloudy,28,76
Partly cloudy,28,76
Partly cloudy,28,76
Partly cloudy,28,76
Partly cloudy,28,76
Partly cloudy,28,76
Partly cloudy,28,76
Partly cloudy,28,76
Partly cloudy,28,76
Partly cloudy,28,76
Partly cloudy,28,76
Partly cloudy,28,76
Partly cloudy,28,76
Partly cloudy,28,76
Partly cloudy,28,76
Partly cloudy,28,76
Partly cloudy,28,76
Partly cloudy,28,76
Partly cloudy,28,76
Partly cloudy,28,76
Partly cloudy,28,76
Partly cloudy,28,76
Partly cloudy,28,76
Partly cloudy,28,76
Partly cloudy,28,76
Partly cloudy,28,76
Partly cloudy,28,76
Partly cloudy,28,76
Partly cloudy,28,76
Partly cloudy,28,76
Light rain,27,83
Light rain,27,83
Light rain,27,83
Light rain,27,83
Light rain,27,83
Light rain,27,83
Light rain,27,83
Light rain,27,83
Light rain,27,83
Light rain,27,83
Light rain,27,83
Light rain,27,83
Light rain,27,83
Light rain,27,83
Light rain,27,83
Light rain,27,83
Light rain,27,83
Light rain,27,83
Light rain,27,83
Light rain,27,83
Light rain,27,83
Light rain,27,83
Light rain,27,83
Light rain,27,83
Light rain,27,83
Light rain,27,83
Light rain,27,83
Light rain,27,83
Light rain,27,83
Light rain,27,83
Light rain,27,83
Light rain,27,83
Light rain,27,83
Light rain,27,83
Light rain,27,83
Passing clouds,27,83
Passing clouds,27,83
Passing clouds,27,83
Passing clouds,27,83
Passing clouds,27,83
Passing clouds,27,83
Passing clouds,27,83
Passing clouds,27,83
Passing clouds,27,83
Passing clouds,27,83
Passing clouds,27,83
Passing clouds,27,83
Passing clouds,27,83
Passing clouds,27,83
Passing clouds,27,83
Passing clouds,27,83
Passing clouds,27,83
Passing clouds,27,83
Passing clouds,27,83
Passing clouds,27,83
Passing clouds,27,83
Passing clouds,27,83
Passing clouds,27,83
Passing clouds,27,83
Passing clouds,27,83
Passing clouds,27,83
Passing clouds,27,83
Passing clouds,27,83
Passing clouds,27,83
Passing clouds,27,83
Passing clouds,27,83
Passing clouds,27,83
Passing clouds,27,83
Passing clouds,27,83
Passing clouds,27,83
Passing clouds,27,83
Passing clouds,27,83
Passing clouds,27,83
Passing clouds,27,83
Passing clouds,27,83
Partly cloudy,28,83
Partly cloudy,28,83
Partly cloudy,28,83
Partly cloudy,28,83
Partly cloudy,28,83
Partly cloudy,28,83
Partly cloudy,28,83
Partly cloudy,28,83
Partly cloudy,28,83
Partly cloudy,28,83
Partly cloudy,28,83
Partly cloudy,28,83
Partly cloudy,28,83
Partly cloudy,28,83
Partly cloudy,28,83
Partly cloudy,28,83
Partly cloudy,28,83
Partly cloudy,28,83
Partly cloudy,28,83
Partly cloudy,28,83
Partly cloudy,28,83
Partly cloudy,28,83
Partly cloudy,28,83
Partly cloudy,28,83
Partly cloudy,28,83
Partly cloudy,28,83
Partly cloudy,28,83
Partly cloudy,28,83
Partly cloudy,28,83
Light rain,28,83
Light rain,28,83
Light rain,28,83
Light rain,28,83
Light rain,28,83
Light rain,28,83
Light rain,28,83
Light rain,28,83
Light rain,28,83
Light rain,28,83
Light rain,28,83
Light rain,28,83
Light rain,28,83
Light rain,28,83
Light rain,28,83
Light rain,28,83
Light rain,28,83
Light rain,28,83
Light rain,28,83
Light rain,28,83
Light rain,28,83
Light rain,28,83
Light rain,28,83
Light rain,28,83
Light rain,28,83
Light rain,28,83
Light rain,28,83
Light rain,28,83
Light rain,28,83
Light rain,28,83
Light rain,28,83
